distance_bp,possible_cells,nonzero_cells,occupancy,mean_count_all_cells,std_count_all_cells,max_count,max_zscore
0,2001,1914,0.9565217391304348,8.244377811094452,5.235173932367134,28.0,3.7736324416585054
500,2000,1946,0.973,17.106,10.485597932402326,58.0,3.9000160280445626
1000,1999,1920,0.9604802401200601,9.700350175087543,6.672032140501174,37.0,4.091654424024076
1500,1998,1874,0.9379379379379379,5.947947947947948,4.406212432610869,28.0,5.004763703366265
2000,1997,1812,0.9073610415623435,4.082123184777166,3.189125535530128,21.0,5.304863865263484
2500,1996,1739,0.8712424849699398,3.154809619238477,2.638846136418536,19.0,6.004590476906981
3000,1995,1623,0.8135338345864662,2.4090225563909775,2.0861444806094864,13.0,5.076818764017135
3500,1994,1522,0.7632898696088265,1.9528585757271815,1.805148202546997,11.0,5.011855210285582
4000,1993,1368,0.6864024084295033,1.5880582037129956,1.6802616970045638,11.0,5.601473754395438
4500,1992,1302,0.6536144578313253,1.3709839357429718,1.4690315348365908,10.0,5.87394882929922
5000,1991,1212,0.6087393269713711,1.1506780512305375,1.2710896120746473,8.0,5.388543721626467
5500,1990,1110,0.5577889447236181,1.0110552763819096,1.2285867977304603,8.0,5.688604774630986
6000,1989,1073,0.5394670688788336,0.9180492709904474,1.1124872895532416,7.0,5.4669844645613646
6500,1988,993,0.4994969818913481,0.8148893360160966,1.0519406411494774,7.0,5.879714521938523
7000,1987,955,0.4806240563663815,0.7357825868142929,0.9581809058066187,7.0,6.537614531060129
7500,1986,905,0.4556898288016113,0.7054380664652568,0.9875053427984458,7.0,6.374205445508654
8000,1985,839,0.4226700251889169,0.6216624685138539,0.8730122478024291,6.0,6.160666754704356
8500,1984,798,0.4022177419354839,0.5776209677419355,0.8448272307891919,6.0,6.418328901629711
9000,1983,785,0.39586485123550175,0.5562279374684821,0.823103295022861,5.0,5.398802421764204
9500,1982,732,0.3693239152371342,0.5141271442986882,0.7919576964182259,5.0,5.664283428255696
10000,1981,717,0.3619384149419485,0.497223624432105,0.7708844674513077,5.0,5.8410521494290055
10500,1980,668,0.3373737373737374,0.4666666666666667,0.761709931799514,4.0,4.6386861793779595
11000,1979,647,0.32693279434057604,0.4471955533097524,0.7439267105314726,4.0,4.7757452399471845
11500,1978,621,0.313953488372093,0.423154701718908,0.7274828531647832,6.0,7.665947415832593
12000,1977,607,0.3070308548305513,0.4137582195245321,0.7279191928050023,7.0,9.048039735146556
12500,1976,610,0.30870445344129555,0.41143724696356276,0.7072862254890235,5.0,6.487561312061276
13000,1975,598,0.30278481012658226,0.3858227848101266,0.6697829000144289,5.0,6.889063926670079
13500,1974,538,0.2725430597771023,0.3454913880445795,0.6391384118485622,6.0,8.847079923738338
14000,1973,556,0.2818043588443994,0.345159655347187,0.6206230518461272,5.0,7.50026981886406
14500,1972,510,0.25862068965517243,0.33316430020283977,0.636177357508309,5.0,7.33574630520579
15000,1971,530,0.2688990360223237,0.3318112633181126,0.6039761007557307,5.0,7.729095126182598
15500,1970,504,0.25583756345177666,0.3284263959390863,0.6326594106323165,4.0,5.803396807756847
16000,1969,489,0.24834941594718132,0.30777044184865415,0.599428842860841,4.0,6.1595794098424905
16500,1968,495,0.25152439024390244,0.31910569105691056,0.6204515902318813,4.0,5.93260516516273
17000,1967,479,0.2435180477885104,0.2968988307066599,0.5812749528860892,4.0,6.3706532526596344
17500,1966,482,0.2451678535096643,0.30925737538148523,0.6101762981600029,5.0,7.6875202113938705
18000,1965,405,0.20610687022900764,0.2513994910941476,0.5469362511287063,4.0,6.853816146159461
18500,1964,449,0.22861507128309572,0.2830957230142566,0.5746684061159247,4.0,6.467911298808991
19000,1963,426,0.21701477330616403,0.26642893530310746,0.5563772211771125,4.0,6.710503095000682
19500,1962,396,0.2018348623853211,0.23751274209989806,0.5114982998953611,4.0,7.355815764529044
20000,1961,403,0.20550739418663946,0.24375318714941357,0.5186407806258488,3.0,5.314365772634764
20500,1960,399,0.20357142857142857,0.23469387755102042,0.5010401509057517,4.0,7.514978820843549
21000,1959,387,0.19754977029096477,0.23175089331291476,0.5076168656627018,3.0,5.453422244103518
21500,1958,360,0.18386108273748722,0.21807967313585291,0.49712142759567857,3.0,5.596057969818097
22000,1957,392,0.2003065917220235,0.2350536535513541,0.50741830516462,3.0,5.449047301420518
22500,1956,378,0.19325153374233128,0.233640081799591,0.5245635456297686,4.0,7.179987914864877
23000,1955,343,0.17544757033248082,0.2040920716112532,0.48272842594029813,5.0,9.935002106094919
23500,1954,339,0.17349027635619244,0.2047082906857728,0.4842011030040126,4.0,7.838254984897826
24000,1953,341,0.1746031746031746,0.20225294418842807,0.47309057135754623,3.0,5.91376625364433
24500,1952,305,0.15625,0.18186475409836064,0.45630712773668153,4.0,8.367467904435076
25000,1951,350,0.17939518195797027,0.20143516145566376,0.4616707904818913,4.0,8.227864783430201
25500,1950,305,0.1564102564102564,0.18564102564102564,0.4700234302495605,4.0,8.115252833957081
26000,1949,318,0.16316059517701384,0.1893278604412519,0.46373791910716555,4.0,8.217296844940853
26500,1948,304,0.15605749486652978,0.17915811088295688,0.44656676823483904,3.0,6.316730419209403
27000,1947,314,0.16127375449409348,0.1869542886492039,0.46109483103905496,3.0,6.100796456580816
27500,1946,338,0.1736896197327852,0.19835560123329907,0.46315128745241735,4.0,8.208212957104799
28000,1945,309,0.1588688946015424,0.17737789203084833,0.43367540682284494,4.0,8.814477482073778
28500,1944,295,0.15174897119341563,0.1748971193415638,0.4424346801570754,4.0,8.645576516064313
29000,1943,304,0.1564590838908904,0.17858980957282553,0.4416721466952109,3.0,6.3880192842999755
29500,1942,288,0.14830072090628219,0.1725025746652935,0.44421654699210544,3.0,6.365133051617179
30000,1941,281,0.14477073673364246,0.16434827408552294,0.42255625305970185,3.0,6.710708232055993
30500,1940,267,0.13762886597938145,0.1556701030927835,0.4118024429174418,3.0,6.907025312322998
31000,1939,287,0.148014440433213,0.16503352243424446,0.41701144101772697,3.0,6.7982942401938615
31500,1938,261,0.1346749226006192,0.15170278637770898,0.4072355016072713,3.0,6.994226196833704
32000,1937,248,0.12803304078471864,0.14506969540526587,0.4002034946952594,3.0,7.1336965879537395
32500,1936,234,0.12086776859504132,0.14256198347107438,0.4157618297181829,4.0,9.277999423717239
33000,1935,249,0.12868217054263567,0.1483204134366925,0.40946933663622126,3.0,6.964330003291022
33500,1934,258,0.13340227507755947,0.14943123061013444,0.4015316940422126,3.0,7.099237274879198
34000,1933,261,0.13502327987584067,0.15002586652871186,0.4007833113444034,3.0,7.111009996676813
34500,1932,276,0.14285714285714285,0.15476190476190477,0.39453184674150993,3.0,7.211681689925132
35000,1931,223,0.11548420507509062,0.12739513205592956,0.36740640487892934,2.0,5.096821511756568
35500,1930,270,0.13989637305699482,0.15233160621761657,0.39374283957435074,3.0,7.232305219469663
36000,1929,232,0.12026956972524624,0.13115603939865214,0.3712151469779326,3.0,7.72825134953852
36500,1928,216,0.11203319502074689,0.1270746887966805,0.37826497143200427,3.0,7.595007542800583
37000,1927,225,0.1167618059159315,0.13233004670472237,0.38339688279990336,3.0,7.479638155513977
37500,1926,187,0.09709241952232607,0.10539979231568017,0.3361283458450632,3.0,8.611592100056246
38000,1925,216,0.11220779220779221,0.12415584415584416,0.36703568830812605,3.0,7.8353256848143
38500,1924,216,0.11226611226611227,0.12837837837837837,0.38641869489629216,3.0,7.431373428742399
39000,1923,218,0.11336453458138325,0.12532501300052,0.37664299245907334,4.0,10.287394335155483
39500,1922,199,0.10353798126951093,0.1149843912591051,0.3560013573818504,3.0,8.103945529753696
40000,1921,203,0.10567412805830297,0.11920874544508069,0.36768278239693064,3.0,7.834990901056039
40500,1920,242,0.12604166666666666,0.14166666666666666,0.3949331870357595,3.0,7.237511121278657
41000,1919,228,0.1188118811881188,0.13340281396560708,0.3845971882358999,3.0,7.453505313398474
41500,1918,187,0.09749739311783108,0.10688216892596454,0.33951535366678703,3.0,8.521316635104075
42000,1917,214,0.11163275952008346,0.12832550860719874,0.38519275833790956,3.0,7.455162199268634
42500,1916,201,0.10490605427974947,0.11482254697286012,0.3515095983582533,3.0,8.207962077003117
43000,1915,197,0.10287206266318538,0.11592689295039164,0.36150557652908427,3.0,7.977949150163594
43500,1914,197,0.10292580982236155,0.11128526645768025,0.3430883754320313,3.0,8.419739461894412
44000,1913,191,0.09984317825405123,0.11082070047046524,0.3471232018326183,2.0,5.442388436024196
44500,1912,191,0.09989539748953975,0.11297071129707113,0.36275209554760707,4.0,10.715387550925396
45000,1911,190,0.09942438513867086,0.10884353741496598,0.34187936294210136,3.0,8.45665686780475
45500,1910,168,0.08795811518324607,0.09842931937172775,0.3311848378726139,2.0,5.741720221381897
46000,1909,198,0.1037192247249869,0.11367207962283918,0.3488611710543016,3.0,8.273571723830202
46500,1908,190,0.09958071278825996,0.10796645702306079,0.3362754669174515,2.0,5.626439419802793
47000,1907,211,0.11064499213424227,0.1253277399056109,0.3770046367783352,3.0,7.625031576958005
47500,1906,167,0.08761804826862539,0.09391395592864638,0.31422167028048437,3.0,9.248522043299204
48000,1905,184,0.09658792650918635,0.10446194225721785,0.33060199087895786,2.0,5.733595410914475
48500,1904,171,0.0898109243697479,0.09821428571428571,0.3246150989787659,2.0,5.858586739399069
49000,1903,177,0.093011035207567,0.10194429847609038,0.3323690075361916,3.0,8.719392108809485
49500,1902,165,0.08675078864353312,0.09411146161934805,0.31949787133016916,3.0,9.095173392807073
50000,1901,166,0.0873224618621778,0.09573908469226723,0.3248238195118322,3.0,8.941034311068867
50500,1900,179,0.09421052631578947,0.10052631578947369,0.32101768575989253,2.0,5.917037498149717
51000,1899,169,0.0889942074776198,0.09899947340705635,0.33205766881426496,3.0,8.73643586354154
51500,1898,178,0.09378292939936776,0.101159114857745,0.3266987297732656,3.0,8.873131790729946
52000,1897,148,0.07801792303637323,0.08328940432261465,0.2947799891829185,2.0,6.5021733700112785
52500,1896,164,0.08649789029535865,0.09229957805907173,0.30884258365163186,2.0,6.176934538576376
53000,1895,137,0.07229551451187335,0.079155672823219,0.2978610193492366,3.0,9.80606436370294
53500,1894,153,0.08078141499472016,0.08764519535374868,0.31291363127792016,4.0,12.502986171195015
54000,1893,172,0.09086106708927628,0.09772847332276809,0.3192372648857785,2.0,5.95880160593988
54500,1892,163,0.08615221987315011,0.09513742071881606,0.3258387001170695,3.0,8.9150324324198
55000,1891,126,0.06663141195134849,0.07244843997884717,0.28265059886372274,3.0,10.357492861469732
55500,1890,139,0.07354497354497354,0.07777777777777778,0.2868979010793543,3.0,10.185582436219887
56000,1889,149,0.07887771307570143,0.08681842244573848,0.30848403963551485,2.0,6.201881886060476
56500,1888,144,0.07627118644067797,0.07838983050847458,0.276554069065925,2.0,6.948406783461399
57000,1887,151,0.0800211976682565,0.08638049814520403,0.3027168786825167,2.0,6.321482667842123
57500,1886,154,0.0816542948038176,0.08589607635206786,0.29496017276216824,2.0,6.489363990138795
58000,1885,152,0.08063660477453581,0.08647214854111406,0.3046109313798069,3.0,9.564751462665427
58500,1884,118,0.06263269639065817,0.06634819532908705,0.26339534958407695,2.0,7.341252636860556
59000,1883,156,0.08284652150823155,0.088688263409453,0.30414821904017686,2.0,6.284145745196915
59500,1882,136,0.07226354941551541,0.07917109458023379,0.2944794096242354,2.0,6.522795287693635
60000,1881,123,0.06539074960127592,0.07230196703880915,0.2862867298659746,3.0,10.226453857403015
60500,1880,147,0.07819148936170213,0.08138297872340426,0.28485569718879494,2.0,6.735399854070626
61000,1879,147,0.07823310271420969,0.08674827035657265,0.31024722920832276,2.0,6.166861617187013
61500,1878,143,0.07614483493077742,0.07987220447284345,0.2845125208310239,2.0,6.748834075627723
62000,1877,152,0.08098028769312733,0.08790623335109217,0.3066441240347598,2.0,6.235546735707746
62500,1876,147,0.07835820895522388,0.0847547974413646,0.3006070503569724,2.0,6.371258426188847
63000,1875,131,0.06986666666666666,0.07466666666666667,0.2824149822906395,3.0,10.358279541709328
63500,1874,139,0.07417289220917823,0.08004268943436499,0.29401137326977195,3.0,9.931443393131634
64000,1873,131,0.06994127068873465,0.07367859049652963,0.275181204689863,2.0,7.000192515598909
64500,1872,133,0.07104700854700854,0.0763888888888889,0.2868898103721125,3.0,10.190710877179711
65000,1871,130,0.06948156066274719,0.07642971672902191,0.2924952552596572,3.0,9.995274216245432
65500,1870,138,0.07379679144385026,0.07593582887700535,0.27285097330974956,2.0,7.051703528060106
66000,1869,118,0.06313536650615302,0.07116104868913857,0.28847635806475225,3.0,10.152786768936696
66500,1868,135,0.07226980728051392,0.07548179871520343,0.2779909053527887,3.0,10.52019380840316
67000,1867,142,0.0760578468130691,0.08355650776647028,0.3043737455205388,3.0,9.581784024262143
67500,1866,131,0.07020364415862808,0.0744908896034298,0.27841782963582423,2.0,6.915897278975174
68000,1865,127,0.06809651474530831,0.071313672922252,0.2715414063995742,3.0,10.785413414144932
68500,1864,131,0.07027896995708155,0.07832618025751073,0.30950983822549316,5.0,15.901510103716985
69000,1863,122,0.06548577563070317,0.06924315619967794,0.2682597671234628,2.0,7.19734034105725
69500,1862,117,0.06283566058002148,0.06766917293233082,0.26973520473161045,2.0,7.163806552394078
70000,1861,113,0.060720042987641054,0.06394411606663085,0.2574944897372906,2.0,7.51882452284177
70500,1860,145,0.07795698924731183,0.08279569892473118,0.29625753687213385,3.0,9.84685261301672
71000,1859,118,0.06347498655190963,0.06777837547068316,0.26793888319313663,2.0,7.211426730985238
71500,1858,110,0.059203444564047365,0.062432723358449946,0.2549381022940713,2.0,7.600147875920738
72000,1857,102,0.05492730210016155,0.06031233171782445,0.2617667272963505,3.0,11.230180774480578
72500,1856,118,0.06357758620689655,0.06788793103448276,0.2701433614146552,3.0,10.853911247757395
73000,1855,129,0.06954177897574124,0.07169811320754717,0.266214504175931,2.0,7.243414076034384
73500,1854,115,0.06202804746494067,0.06634304207119741,0.2656532176587557,2.0,7.278876480286708
74000,1853,106,0.057204533189422556,0.06098219104155424,0.2567060769371924,3.0,11.44896078824627
74500,1852,115,0.062095032397408205,0.06587473002159827,0.26285860308264586,2.0,7.358044390771908
75000,1851,122,0.06591031874662345,0.07077255537547272,0.28441300810961995,4.0,13.815217070205538
75500,1850,129,0.06972972972972973,0.0745945945945946,0.2806420688022243,2.0,6.860715549963709
76000,1849,109,0.058950784207679824,0.06327744726879395,0.26062758499085853,2.0,7.430996042875263
76500,1848,107,0.057900432900432904,0.06168831168831169,0.25795517546148605,3.0,11.390784011427568
77000,1847,119,0.06442880346507851,0.06821873308067136,0.2667298197965971,2.0,7.242464559802376
77500,1846,110,0.059588299024918745,0.06338028169014084,0.2587415446221643,2.0,7.484765236050015
78000,1845,108,0.05853658536585366,0.06395663956639566,0.26793713266914354,3.0,10.957956186159217
78500,1844,111,0.06019522776572668,0.06724511930585683,0.279119320388503,3.0,10.507172619265749
79000,1843,108,0.05860010851871948,0.061855670103092786,0.2540485570672204,2.0,7.6290310493048015
79500,1842,113,0.061346362649294245,0.06623235613463627,0.2696356698143831,3.0,10.88048790386289
80000,1841,90,0.04888647474198805,0.053231939163498096,0.2430827609260102,2.0,8.008663606667943
80500,1840,128,0.06956521739130435,0.07445652173913044,0.28052692705922727,2.0,6.8640237086913665
81000,1839,92,0.05002718868950517,0.053833605220228384,0.2419677276635614,2.0,8.043082495223393
81500,1838,94,0.051142546245919476,0.05495103373231774,0.24624486162901352,3.0,11.959839270492559
82000,1837,114,0.06205770277626565,0.0658682634730539,0.2629653146969667,2.0,7.355083079134528
82500,1836,108,0.058823529411764705,0.06263616557734204,0.25966800590176853,3.0,11.31199750320358
83000,1835,100,0.05449591280653951,0.05667574931880109,0.24046472045286948,2.0,8.08153581540493
83500,1834,98,0.05343511450381679,0.05507088331515812,0.23517997097697121,2.0,8.269960696930646
84000,1833,110,0.06001091107474086,0.06382978723404255,0.25960219146668,2.0,7.458219831763112
84500,1832,108,0.05895196506550218,0.06331877729257641,0.2608507891283789,2.0,7.424479063984266
85000,1831,85,0.04642271982523211,0.04860731840524304,0.22497520788459383,2.0,8.673812105535506
85500,1830,87,0.047540983606557376,0.05027322404371585,0.2353637614672444,3.0,12.532629312039603
86000,1829,109,0.059595407326407876,0.06287588846364134,0.25589738839623977,2.0,7.5699252879316345
86500,1828,91,0.049781181619256015,0.0525164113785558,0.23500829226449363,2.0,8.28687179442
87000,1827,110,0.060207991242474,0.06403940886699508,0.26000230427441035,2.0,7.445936283279101
87500,1826,101,0.055312157721796276,0.059693318729463304,0.25688059229100363,3.0,11.446200178251111
88000,1825,92,0.05041095890410959,0.052054794520547946,0.22941831688173503,2.0,8.490800699595475
88500,1824,105,0.05756578947368421,0.05866228070175439,0.2396121866282333,2.0,8.10199909535611
89000,1823,99,0.05430608886450905,0.058694459681843114,0.25519258301036346,3.0,11.525826909313855
89500,1822,89,0.04884742041712404,0.05214050493962678,0.2366601819683088,2.0,8.23061775267802
90000,1821,95,0.05216913783635365,0.054914881933003847,0.23956361549406555,2.0,8.119284366515915
90500,1820,100,0.054945054945054944,0.057692307692307696,0.24465978586590253,2.0,7.938810562730839
91000,1819,94,0.05167674546454096,0.052776250687190766,0.2284511512247053,2.0,8.523589129990917
91500,1818,78,0.0429042904290429,0.047304730473047306,0.2344525176809359,3.0,12.59400111687112
92000,1817,87,0.04788112272977435,0.05283434232250963,0.24484548960380717,2.0,7.952630292795123
92500,1816,110,0.0605726872246696,0.06277533039647577,0.25147539568256255,2.0,7.703436212300003
93000,1815,96,0.05289256198347107,0.05840220385674931,0.2569254175592218,2.0,7.557048323939022
93500,1814,74,0.040793825799338476,0.04244762954796031,0.21226391973997288,3.0,13.93337301070806
94000,1813,89,0.049089906232763374,0.05239933811362383,0.23953215901186564,3.0,12.305657303161375
94500,1812,85,0.04690949227373068,0.05132450331125828,0.24212408699992655,3.0,12.178364958334923
95000,1811,66,0.036443953616786304,0.041413583655438985,0.22279532944287297,2.0,8.79096712324377
95500,1810,76,0.041988950276243095,0.044751381215469614,0.21971244155311362,2.0,8.899125625126993
96000,1809,86,0.04754007739082366,0.050304035378662244,0.2308710795638157,2.0,8.444955376415681
96500,1808,90,0.049778761061946904,0.05143805309734513,0.2282778216596967,2.0,8.53592316912616
97000,1807,94,0.05201992252351965,0.054233536247924735,0.23604975586257224,2.0,8.243035272973962
97500,1806,83,0.04595791805094131,0.04817275747508306,0.22423608487621566,2.0,8.704340532891386
98000,1805,67,0.0371191135734072,0.03822714681440443,0.1974383411164834,2.0,9.936129133237609
98500,1804,90,0.04988913525498891,0.05266075388026607,0.23543754189080052,2.0,8.271150091360278
99000,1803,106,0.058790904048807546,0.06211869107043816,0.2547852690667081,2.0,7.605939370153241
99500,1802,88,0.048834628190899,0.05327413984461709,0.24581478208053106,3.0,11.987586080929868
100000,1801,107,0.05941143808995003,0.061632426429761245,0.24955129156500822,2.0,7.767411506525075
100500,1800,107,0.059444444444444446,0.06166666666666667,0.24961637232628256,2.0,7.765249191265659
101000,1799,87,0.048360200111172875,0.05058365758754864,0.22906738337302804,2.0,8.510230979667222
101500,1798,87,0.04838709677419355,0.05061179087875417,0.23154259384441772,3.0,12.73799416405887
102000,1797,70,0.038953811908736785,0.04284919309961046,0.22091605222814867,2.0,8.859251227607324
102500,1796,77,0.04287305122494432,0.045657015590200446,0.22167629834537766,2.0,8.816201817683188
103000,1795,103,0.05738161559888579,0.05905292479108635,0.24271031137779409,2.0,7.996969985291255
103500,1794,84,0.046822742474916385,0.04905239687848383,0.22851782260444845,3.0,12.913424298766582
104000,1793,65,0.03625209146681539,0.03792526491912995,0.19958278008027866,2.0,9.830881874135935
104500,1792,96,0.05357142857142857,0.056361607142857144,0.24241562145618528,2.0,8.017793495244861
105000,1791,81,0.04522613065326633,0.0463428252372976,0.21547286825580947,2.0,9.06683607350193
105500,1790,83,0.04636871508379888,0.05027932960893855,0.24274369812737912,4.0,16.271156371352866
106000,1789,96,0.05366126327557295,0.05757406372275014,0.25140173982783215,3.0,11.704079447868246
106500,1788,79,0.0441834451901566,0.04697986577181208,0.22442281333943206,2.0,8.702413561112923
107000,1787,93,0.05204252937884723,0.05763850027979855,0.25594578599226214,2.0,7.588956747968977
107500,1786,74,0.04143337066069429,0.04479283314669653,0.22500040232421947,3.0,13.13423058948548
108000,1785,93,0.052100840336134456,0.05322128851540616,0.22941159369724426,2.0,8.485964811585626
108500,1784,70,0.03923766816143498,0.042600896860986545,0.21797366319518802,2.0,8.979979849153743
109000,1783,81,0.045429052159282106,0.04711160964666293,0.21967526228031461,2.0,8.889887600823126
109500,1782,89,0.04994388327721661,0.050505050505050504,0.22153244645920514,2.0,8.800042524939776
110000,1781,79,0.04435710275126333,0.047164514317798986,0.22484404826465038,2.0,8.685288762385367
110500,1780,87,0.04887640449438202,0.051685393258426963,0.23373487311532826,2.0,8.335575178720745
111000,1779,74,0.041596402473299605,0.044969083754918496,0.22542505388326373,3.0,13.108706709128006
111500,1778,64,0.0359955005624297,0.03655793025871766,0.1906470754732218,2.0,10.298831308414519
112000,1777,77,0.04333145751266179,0.04501969611705121,0.2153355527713861,2.0,9.078762325692125
112500,1776,71,0.03997747747747748,0.041666666666666664,0.20810798623295054,2.0,9.41017867109255
113000,1775,86,0.048450704225352116,0.05070422535211268,0.22943484725968716,2.0,8.496075456408615
113500,1774,84,0.04735062006764374,0.0496054114994363,0.22727581814393058,2.0,8.581619480808145
114000,1773,82,0.046249294980259446,0.049633389734912575,0.23224578762087617,2.0,8.397855695229723
114500,1772,67,0.03781038374717833,0.040067720090293454,0.20730887724188177,2.0,9.454164751579434
115000,1771,71,0.04009034443817053,0.04291360813099943,0.2161447611066164,2.0,9.054516898069254
115500,1770,88,0.04971751412429379,0.05367231638418079,0.24228331217380863,2.0,8.033271735279758
116000,1769,63,0.035613340870548335,0.03674392312040701,0.1940488900608452,2.0,10.117327011064079
116500,1768,61,0.034502262443438916,0.03733031674208145,0.2039433077874888,2.0,9.623604248407318
117000,1767,82,0.04640633842671194,0.050933786078098474,0.2395713480711373,2.0,8.135639881874162
117500,1766,75,0.04246885617214043,0.045300113250283124,0.22370299501199603,3.0,13.208137363521985
118000,1765,77,0.04362606232294618,0.04589235127478754,0.21981542546632563,2.0,8.889765786817222
118500,1764,82,0.046485260770975055,0.0481859410430839,0.2219581417139142,2.0,8.793613263678536
119000,1763,75,0.04254112308564946,0.04367555303460011,0.20984961043476646,2.0,9.322506927281335
119500,1762,68,0.03859250851305335,0.03916004540295119,0.19687968413928766,2.0,9.959585028640138
120000,1761,64,0.03634298693923907,0.03747870528109029,0.19582004140344242,2.0,10.022065569251838
120500,1760,78,0.04431818181818182,0.04602272727272727,0.21751718726619823,2.0,8.983093691515922
121000,1759,62,0.03524729960204662,0.038658328595793066,0.20972820557441874,2.0,9.351825931244408
121500,1758,72,0.040955631399317405,0.04323094425483504,0.21427238605267282,2.0,9.132156932551021
122000,1757,63,0.035856573705179286,0.0398406374501992,0.21499183367700464,2.0,9.117366594931545
122500,1756,57,0.03246013667425968,0.033599088838268794,0.1864084075237089,2.0,10.548885306643847
123000,1755,60,0.03418803418803419,0.037606837606837605,0.21552023948683058,4.0,18.385248512287802
123500,1754,74,0.04218928164196123,0.04389965792474344,0.2157162056489649,3.0,13.703654452766152
124000,1753,64,0.03650884198516828,0.039361095265259556,0.20860562313840264,2.0,9.398782617829646
124500,1752,70,0.03995433789954338,0.04052511415525114,0.20006094518763656,2.0,9.794389824595516
125000,1751,69,0.03940605368360937,0.041119360365505425,0.20701490751254906,2.0,9.462510034528547
125500,1750,60,0.03428571428571429,0.03485714285714286,0.18650731779701496,2.0,10.536545591640635
126000,1749,67,0.038307604345340196,0.04059462550028588,0.20861626060944718,2.0,9.392390453052645
126500,1748,62,0.03546910755148741,0.038901601830663615,0.2103645782065615,2.0,9.322379342037763
127000,1747,63,0.03606182026330853,0.03720663995420721,0.19522280932135613,2.0,10.054119018515095
127500,1746,73,0.0418098510882016,0.043528064146620846,0.21229648582844465,2.0,9.215752810126075
128000,1745,74,0.042406876790830945,0.04469914040114613,0.21745264879779028,2.0,8.991846594690566
128500,1744,69,0.03956422018348624,0.0430045871559633,0.22177176460336034,3.0,13.333507167301638
129000,1743,76,0.04360298336201951,0.04475043029259897,0.212232709878532,2.0,9.212762588888664
129500,1742,68,0.03903559127439724,0.04190585533869116,0.21422017354957884,2.0,9.140568379794212
130000,1741,63,0.03618609994256174,0.037334865020103386,0.19554667736660047,2.0,10.036811473407942
130500,1740,62,0.035632183908045977,0.03908045977011494,0.2108310441050115,2.0,9.300905132610277
131000,1739,57,0.0327774583093732,0.03335250143760782,0.1827298507139198,2.0,10.76259566173103
131500,1738,58,0.0333716915995397,0.03452243958573072,0.18876476557653005,2.0,10.412311611286453
132000,1737,69,0.039723661485319514,0.04087507196315487,0.20373296594030255,2.0,9.616141005922941
132500,1736,48,0.027649769585253458,0.028225806451612902,0.16905970553176736,2.0,11.663182467674881
133000,1735,67,0.03861671469740634,0.03919308357348703,0.1970018363509591,2.0,9.953241821225118
133500,1734,57,0.0328719723183391,0.03517877739331027,0.19635386719992176,2.0,10.006531832684335
134000,1733,58,0.03346797461050202,0.03346797461050202,0.1798551341662862,1.0,5.373947370865069
134500,1732,56,0.03233256351039261,0.03464203233256351,0.19509202847060395,2.0,10.074004474065799
135000,1731,70,0.040439052570768345,0.04274985557481225,0.21341019523732402,2.0,9.171305720650397
135500,1730,67,0.03872832369942197,0.03930635838150289,0.19727503120377296,2.0,9.93888395127522
136000,1729,55,0.031810294968189705,0.03412377096587623,0.19387184224718582,2.0,10.14008123225878
136500,1728,49,0.028356481481481483,0.029513888888888888,0.17594781631596917,2.0,11.199264374912666
137000,1727,68,0.03937463810075275,0.04053271569195136,0.20299253639723808,2.0,9.652903102178831
137500,1726,63,0.03650057937427578,0.0388180764774044,0.20480778213304304,2.0,9.57571974608178
138000,1725,60,0.034782608695652174,0.035942028985507246,0.192273347392774,2.0,10.214925769208852
138500,1724,62,0.03596287703016241,0.0382830626450116,0.20361198635941866,2.0,9.634584743415541
139000,1723,62,0.035983749274521186,0.038305281485780614,0.20366897485526506,2.0,9.631779803027312
139500,1722,68,0.03948896631823461,0.04065040650406504,0.20327525999683327,2.0,9.638898474543625
140000,1721,63,0.03660662405578152,0.03776873910517141,0.1966379707746108,2.0,9.978903124178219
140500,1720,55,0.03197674418604651,0.03255813953488372,0.18072326298123656,2.0,10.886489254398779
141000,1719,67,0.038976148923792905,0.04130308318789994,0.21035923330171993,2.0,9.311200112631735
141500,1718,57,0.03317811408614668,0.033760186263096625,0.18380582265118134,2.0,10.697375008997117
142000,1717,48,0.027955736750145604,0.029120559114735003,0.174934836098357,2.0,11.266363434765728
142500,1716,58,0.0337995337995338,0.034382284382284384,0.1853797293892762,2.0,10.60319659594574
143000,1715,56,0.0326530612244898,0.035568513119533525,0.20033546312145178,2.0,9.805710163704493
143500,1714,64,0.03733955659276546,0.040256709451575265,0.2108800903673135,2.0,9.293164125332648
144000,1713,56,0.03269118505545826,0.03327495621716287,0.18257950550189905,2.0,10.771882848386731
144500,1712,51,0.029789719626168224,0.0344626168224299,0.21203110114988905,3.0,13.986332038530385
145000,1711,43,0.025131502045587374,0.026300409117475162,0.1671721021627238,2.0,11.806393323697895
145500,1710,64,0.03742690058479532,0.03742690058479532,0.1898054996500659,1.0,5.071365693775198
146000,1709,57,0.033352837916910474,0.03393797542422469,0.18427279848897354,2.0,10.669301387385289
146500,1708,56,0.03278688524590164,0.03337236533957846,0.18283766230887383,2.0,10.75614077442169
147000,1707,57,0.033391915641476276,0.03456356180433509,0.1889767560454212,2.0,10.40041367692472
147500,1706,52,0.03048065650644783,0.031066822977725676,0.17684458835472464,2.0,11.13369199103158
148000,1705,60,0.03519061583577713,0.03695014662756598,0.1977470477032339,2.0,9.927075403514765
148500,1704,60,0.035211267605633804,0.036384976525821594,0.19341284303120254,2.0,10.152454163332866
149000,1703,44,0.025836758661186142,0.02701115678214915,0.16920505439662648,2.0,11.660342241272831
149500,1702,53,0.031139835487661575,0.033490011750881316,0.19253255150817128,2.0,10.213909143387932
150000,1701,61,0.035861258083480306,0.03821281599059377,0.20360675946267037,2.0,9.63517708933963
150500,1700,61,0.03588235294117647,0.03882352941176471,0.20784276729526824,2.0,9.435865852392755
151000,1699,55,0.032371983519717484,0.032371983519717484,0.17698598306848096,1.0,5.467257913333619
151500,1698,45,0.026501766784452298,0.02767962308598351,0.17108236073559374,2.0,11.52848469259914
152000,1697,62,0.03653506187389511,0.03771361225692398,0.19659195424410464,2.0,9.981519311347508
152500,1696,63,0.03714622641509434,0.03891509433962264,0.20233251251644535,2.0,9.692386464587507
153000,1695,50,0.029498525073746312,0.029498525073746312,0.16919917875752197,1.0,5.735852159879995
153500,1694,54,0.031877213695395513,0.03305785123966942,0.18527359444786817,2.0,10.616419218410446
154000,1693,49,0.028942705256940343,0.028942705256940343,0.16764553399762913,1.0,5.792324266489512
154500,1692,46,0.027186761229314422,0.027777777777777776,0.16789343625178707,2.0,11.746869122772093
155000,1691,61,0.036073329390892965,0.03666469544648137,0.19105791704474057,2.0,10.276126396237006
155500,1690,54,0.03195266272189349,0.03431952662721893,0.19461609524896298,2.0,10.100297567157439
156000,1689,45,0.02664298401420959,0.027235050325636473,0.1663653659336891,2.0,11.8580266908479
156500,1688,53,0.03139810426540284,0.032582938388625596,0.18409497212317918,2.0,10.686967921616905
157000,1687,54,0.032009484291641965,0.03438055720213397,0.1947836756753213,2.0,10.091294539868395
157500,1686,53,0.03143534994068802,0.033807829181494664,0.19341617912972747,2.0,10.165603413661415
158000,1685,65,0.03857566765578635,0.04094955489614243,0.21262033522417478,3.0,13.917062269627236
158500,1684,62,0.03681710213776722,0.03800475059382423,0.19732127720608203,2.0,9.94315097280194
159000,1683,47,0.027926322043969103,0.029114676173499703,0.17505347772573143,2.0,11.258761319294807
159500,1682,50,0.029726516052318668,0.03032104637336504,0.17490209021701839,2.0,11.261609001828731
160000,1681,60,0.03569303985722784,0.037477691850089236,0.1991040392593826,2.0,9.856767926205839
160500,1680,46,0.02738095238095238,0.027976190476190477,0.1684755158268007,2.0,11.705106227727036
161000,1679,53,0.03156640857653365,0.03335318642048839,0.1892466830990652,2.0,10.391975073877667
161500,1678,56,0.033373063170441,0.035160905840286055,0.19364994676081557,2.0,10.14634461318268
162000,1677,46,0.027429934406678593,0.02802623732856291,0.16862198312656215,2.0,11.694642217505757
162500,1676,45,0.02684964200477327,0.02684964200477327,0.16164386387669896,1.0,6.020335907941055
163000,1675,56,0.03343283582089552,0.03582089552238806,0.1982772764825745,2.0,9.906223947201699
163500,1674,46,0.027479091995221028,0.027479091995221028,0.16347474269237802,1.0,5.949059114500888
164000,1673,47,0.028093245666467422,0.029288702928870293,0.1755613549002753,2.0,11.225199863549467
164500,1672,39,0.02332535885167464,0.023923444976076555,0.15667573521562622,2.0,12.612524538687069
165000,1671,46,0.02752842609216038,0.02872531418312388,0.17405156330849686,2.0,11.325808561241704
165500,1670,54,0.032335329341317366,0.03413173652694611,0.19120558428000664,2.0,10.281437495016794
166000,1669,43,0.025763930497303775,0.02696225284601558,0.16920973513632928,2.0,11.660308702477094
166500,1668,59,0.03537170263788969,0.03537170263788969,0.18471747424211493,1.0,5.222182153149961
167000,1667,46,0.027594481103779243,0.027594481103779243,0.16380789271702512,1.0,5.93625559041915
167500,1666,52,0.031212484993997598,0.03361344537815126,0.19309454274077406,2.0,10.183542873408324
168000,1665,49,0.02942942942942943,0.03003003003003003,0.17415346257719577,2.0,11.311689936091597
168500,1664,50,0.030048076923076924,0.03125,0.18076859144731464,2.0,10.890995964715453
169000,1663,51,0.030667468430547205,0.03367408298256164,0.1963501164294894,2.0,10.01438630530967
169500,1662,56,0.03369434416365824,0.03489771359807461,0.19310611457680585,3.0,15.354781970006384
170000,1661,58,0.034918723660445516,0.034918723660445516,0.1835739807226802,1.0,5.2571789996615825
170500,1660,47,0.028313253012048192,0.029518072289156625,0.1796140682931436,3.0,16.538136215826892
171000,1659,60,0.03616636528028933,0.03676913803496082,0.19137061956441956,2.0,10.258789287684635
171500,1658,56,0.033775633293124246,0.03498190591073583,0.19018600738437993,2.0,10.332085525712824
172000,1657,49,0.029571514785757393,0.030175015087507542,0.1745608322490373,2.0,11.284461465572305
172500,1656,47,0.028381642512077296,0.028381642512077296,0.16606060604608772,1.0,5.850986459836622
173000,1655,60,0.03625377643504532,0.03746223564954683,0.19615232595788323,2.0,10.005172025193515
173500,1654,52,0.03143893591293833,0.032648125755743655,0.18439253055910762,2.0,10.669368592528835
174000,1653,41,0.024803387779794312,0.02661826981246219,0.17187059547807737,2.0,11.481787938759128
174500,1652,39,0.02360774818401937,0.02360774818401937,0.1518236556327745,1.0,6.431094336034448
175000,1651,55,0.03331314354936402,0.034524530587522716,0.18909088146061223,2.0,10.394342943617232
175500,1650,35,0.021212121212121213,0.022424242424242423,0.15603088860922268,2.0,12.674258124162646
176000,1649,61,0.03699211643420255,0.03820497271073378,0.19791681415172468,2.0,9.912220119839528
176500,1648,47,0.028519417475728157,0.03155339805825243,0.19452335213872946,3.0,15.260104091897007
177000,1647,44,0.02671523982999393,0.02671523982999393,0.16124991718081544,1.0,6.035877581745523
177500,1646,53,0.03219927095990279,0.03219927095990279,0.17652897187021044,1.0,5.482390333931442
178000,1645,43,0.026139817629179333,0.02857142857142857,0.18060543714217134,2.0,10.91566567775408
178500,1644,58,0.03527980535279805,0.035888077858880776,0.18925292266868995,2.0,10.37823825621723
179000,1643,40,0.024345709068776627,0.024954351795496044,0.1598402877105816,2.0,12.356369451615757
179500,1642,47,0.028623629719853837,0.029232643118148598,0.17203523619033714,2.0,11.455602936490433
180000,1641,46,0.028031687995124923,0.028641072516758074,0.17040988975148766,2.0,11.568336382108551
180500,1640,38,0.023170731707317073,0.025,0.16743218503431725,2.0,11.795820496490563
181000,1639,43,0.026235509456985967,0.028065893837705917,0.17589476456744368,2.0,11.210874360084729
181500,1638,49,0.029914529914529916,0.030525030525030524,0.17553989363525802,2.0,11.219529240271747
182000,1637,35,0.021380574221136223,0.022602321319486866,0.15663636419158491,2.0,12.62412907044957
182500,1636,45,0.02750611246943765,0.029951100244498777,0.1842389952989459,2.0,10.692898626367903
183000,1635,57,0.03486238532110092,0.03486238532110092,0.18343118440119172,1.0,5.261578710455237
183500,1634,42,0.025703794369645042,0.02631578947368421,0.16385133171915106,2.0,12.045579305448086
184000,1633,50,0.03061849357011635,0.03368034292712799,0.19664606820748365,2.0,9.999282848605874
184500,1632,45,0.027573529411764705,0.027573529411764705,0.16374745765215182,1.0,5.938574464184706
185000,1631,49,0.030042918454935622,0.030656039239730228,0.17590476988260312,2.0,11.195511992509289
185500,1630,39,0.02392638036809816,0.025153374233128835,0.16423967160183423,2.0,12.02417544132995
186000,1629,45,0.027624309392265192,0.028238182934315532,0.16931785210952902,2.0,11.64532736802132
186500,1628,38,0.02334152334152334,0.02457002457002457,0.16255257893880187,2.0,12.152560041349386
187000,1627,35,0.0215119852489244,0.0215119852489244,0.14508349230554957,1.0,6.744309770889404
187500,1626,38,0.023370233702337023,0.023370233702337023,0.15107635777657327,1.0,6.464477835387057
188000,1625,43,0.02646153846153846,0.02707692307692308,0.16605581153449192,2.0,11.881084189054567
188500,1624,43,0.02647783251231527,0.02770935960591133,0.1714777104562973,2.0,11.501731829436487
189000,1623,55,0.033887861983980284,0.03512014787430684,0.19066015542909528,2.0,10.305665846666182
189500,1622,40,0.02466091245376079,0.02466091245376079,0.15508949626170282,1.0,6.28887907341205
190000,1621,42,0.025909932140653916,0.025909932140653916,0.15886663449925734,1.0,6.131495583888005
190500,1620,49,0.030246913580246913,0.03271604938271605,0.191269394050491,2.0,10.2854090189566
191000,1619,51,0.03150092649783817,0.033353922174181594,0.1895980733089529,2.0,10.372711301876677
191500,1618,52,0.032138442521631644,0.033992583436341164,0.19116843237596415,2.0,10.284163510307925
192000,1617,48,0.029684601113172542,0.030303030303030304,0.17499032841045659,2.0,11.256033333892926
192500,1616,58,0.03589108910891089,0.039603960396039604,0.21321639076592108,2.0,9.194396512208927
193000,1615,51,0.031578947368421054,0.03343653250773994,0.18982544897941517,2.0,10.359851527102228
193500,1614,46,0.028500619578686492,0.02973977695167286,0.17701309941501603,2.0,11.130589936900398
194000,1613,49,0.03037817730936144,0.03161810291382517,0.18192924363851842,2.0,10.819491455684945
194500,1612,43,0.026674937965260544,0.028535980148883373,0.1773238910950004,2.0,11.117870286271321
195000,1611,54,0.0335195530726257,0.035381750465549346,0.19456175622508717,2.0,10.097658900969197
195500,1610,42,0.02608695652173913,0.02608695652173913,0.1593939372158553,1.0,6.110100926607787
196000,1609,44,0.027346177750155375,0.027346177750155375,0.16309004970448773,1.0,5.963906590330018
196500,1608,53,0.03296019900497513,0.034203980099502485,0.18847182822350414,2.0,10.430184916386061
197000,1607,36,0.0224019912881145,0.023646546359676415,0.15992653734780832,2.0,12.357883103178487
197500,1606,54,0.033623910336239106,0.0361145703611457,0.20257580860271066,3.0,14.630993947809396
198000,1605,50,0.03115264797507788,0.03302180685358255,0.18886419693186052,2.0,10.414775405293332
198500,1604,33,0.02057356608478803,0.02119700748129676,0.1483056881854235,2.0,13.342731602072115
199000,1603,39,0.024329382407985028,0.025577043044291953,0.16930989286607903,3.0,17.567921794790937
199500,1602,34,0.02122347066167291,0.023096129837702872,0.16219746291567808,2.0,12.188253962949064
200000,1601,37,0.0231105559025609,0.0231105559025609,0.1502546442158628,1.0,6.501559064583684
200500,1600,36,0.0225,0.023125,0.15440283149929604,2.0,12.803359762278797
201000,1599,37,0.023139462163852407,0.023139462163852407,0.1503463583018227,1.0,6.497400727692284
201500,1598,44,0.02753441802252816,0.028160200250312892,0.16917082439872613,2.0,11.65590938483678
202000,1597,35,0.021916092673763307,0.023794614902943018,0.16427256515597205,2.0,12.030039119561486
202500,1596,39,0.02443609022556391,0.02443609022556391,0.1543987296581549,1.0,6.3184710906260335
203000,1595,32,0.02006269592476489,0.021316614420062698,0.15287267041667285,2.0,12.943342849881523
203500,1594,33,0.02070263488080301,0.02258469259723965,0.1607443301967479,2.0,12.301617761462833
204000,1593,37,0.02322661644695543,0.025109855618330193,0.17175948850885311,3.0,17.32009200893919
204500,1592,48,0.03015075376884422,0.03015075376884422,0.17100200529822668,1.0,5.671566509057852
205000,1591,38,0.023884349465744813,0.02451288497800126,0.15864764250555197,2.0,12.452042046277905
205500,1590,44,0.027672955974842768,0.029559748427672956,0.18016535351233884,2.0,10.936843367264721
206000,1589,41,0.025802391441157962,0.02643171806167401,0.16429161750684143,2.0,12.012592680549528
206500,1588,30,0.018891687657430732,0.020151133501259445,0.14921111556292077,2.0,13.268775982469341
207000,1587,33,0.020793950850661626,0.02205419029615627,0.15520400084252495,2.0,12.744167669432262
207500,1586,38,0.02395964691046658,0.025220680958385876,0.16464102254972718,2.0,11.99445489622833
208000,1585,42,0.026498422712933754,0.029022082018927444,0.1857120056409879,3.0,15.997769814216888
208500,1584,38,0.023989898989898988,0.025252525252525252,0.1647424891949504,2.0,11.986874086931081
209000,1583,32,0.02021478205938092,0.02147820593809223,0.1534396961845133,2.0,12.894458495816549
209500,1582,37,0.02338811630847029,0.02338811630847029,0.15113276389986308,1.0,6.461946824042795
210000,1581,34,0.021505376344086023,0.022770398481973434,0.1574228436749902,2.0,12.559991646448383
210500,1580,33,0.02088607594936709,0.02088607594936709,0.14300296423782397,1.0,6.846808590780662
211000,1579,41,0.025965801139962,0.025965801139962,0.15903326165026596,1.0,6.124720003555363
211500,1578,29,0.018377693282636248,0.019011406844106463,0.14112902032131716,2.0,14.03672036159292
212000,1577,50,0.03170577045022194,0.032974001268230815,0.18553484347855334,2.0,10.601922322796176
212500,1576,32,0.02030456852791878,0.02030456852791878,0.14104004050202845,1.0,6.946221994724904
213000,1575,35,0.022222222222222223,0.02349206349206349,0.15962414912735132,2.0,12.382261376573036
213500,1574,33,0.02096569250317662,0.021601016518424398,0.14968320090875498,2.0,13.21724129007358
214000,1573,29,0.018436109345200253,0.019071837253655435,0.1413490647098023,2.0,14.014441247370849
214500,1572,34,0.021628498727735368,0.021628498727735368,0.1454672017003136,1.0,6.725718855085088
215000,1571,31,0.019732654360280075,0.019732654360280075,0.1390801089738493,1.0,7.048221006384428
215500,1570,40,0.025477707006369428,0.025477707006369428,0.1575709156287004,1.0,6.18465843842649
216000,1569,44,0.02804333970681963,0.02995538559592097,0.1813343658767508,2.0,10.864154761172394
216500,1568,36,0.02295918367346939,0.02295918367346939,0.1497733606437316,1.0,6.523461930260309
217000,1567,43,0.02744097000638162,0.031269942565411615,0.1980565640461603,3.0,14.98930404923453
217500,1566,34,0.021711366538952746,0.021711366538952746,0.14573943564445413,1.0,6.712586947623976
218000,1565,39,0.024920127795527155,0.02619808306709265,0.16753403849317713,2.0,11.781497865660839
218500,1564,42,0.026854219948849106,0.02877237851662404,0.1782718314447631,2.0,11.057426209783197
219000,1563,39,0.02495201535508637,0.025591810620601407,0.16191497886480655,2.0,12.194104604910962
219500,1562,25,0.016005121638924456,0.016005121638924456,0.12549485136947924,1.0,7.840918313565064
220000,1561,38,0.024343369634849454,0.024983984625240232,0.16012812094778212,2.0,12.333973593675116
220500,1560,36,0.023076923076923078,0.023717948717948717,0.15632485057921136,2.0,12.642148986290888
221000,1559,35,0.02245028864656831,0.024374599101988453,0.16622003167923557,2.0,11.885603563777984
221500,1558,40,0.025673940949935817,0.026957637997432605,0.1697006713187239,2.0,11.626603163501287
222000,1557,33,0.02119460500963391,0.021836865767501604,0.15048102397541396,2.0,13.145598574313905
222500,1556,31,0.01992287917737789,0.02056555269922879,0.14638291493581426,2.0,13.522305169074617
223000,1555,30,0.01929260450160772,0.01929260450160772,0.1375514446058356,1.0,7.129749878735813
223500,1554,27,0.017374517374517374,0.017374517374517374,0.13066232632446115,1.0,7.520342781785651
224000,1553,34,0.02189311010946555,0.022537025112685124,0.15269884615868737,2.0,12.950084592206414
224500,1552,33,0.021262886597938145,0.02190721649484536,0.1507181148837384,2.0,13.124452790767881
225000,1551,29,0.018697614442295292,0.018697614442295292,0.1354548399152373,1.0,7.244498507190794
225500,1550,26,0.016774193548387096,0.017419354838709676,0.13566961154347704,2.0,14.6132993424688
226000,1549,35,0.022595222724338282,0.023240800516462233,0.15489293493269518,2.0,12.76210048148735
226500,1548,37,0.023901808785529714,0.023901808785529714,0.1527432889599726,1.0,6.390448954325341
227000,1547,25,0.01616031027795734,0.01680672268907563,0.13348064123222037,2.0,14.857534838034695
227500,1546,40,0.0258732212160414,0.0278137128072445,0.17584394607016424,2.0,11.215548395426847
228000,1545,39,0.02524271844660194,0.026537216828478965,0.16858822531609763,2.0,11.705816224539646
228500,1544,29,0.01878238341968912,0.01878238341968912,0.13575568309564395,1.0,7.227819817230146
229000,1543,35,0.02268308489954634,0.023331173039533377,0.15518700230401644,2.0,12.737334941802068
229500,1542,32,0.020752269779507133,0.02204928664072633,0.1554257035428819,2.0,12.726020653421445
230000,1541,36,0.02336145360155743,0.024010382868267358,0.15726329169964118,2.0,12.564849659294275
230500,1540,28,0.01818181818181818,0.01883116883116883,0.1406245256359009,2.0,14.088359211951337
231000,1539,38,0.024691358024691357,0.025341130604288498,0.16124051247493346,2.0,12.24666703848819
231500,1538,30,0.01950585175552666,0.02080624187256177,0.15157216896835793,2.0,13.057764968320885
232000,1537,37,0.024072869225764477,0.024072869225764477,0.153275458547687,1.0,6.367145399670133
232500,1536,41,0.026692708333333332,0.02734375,0.1670274009534688,2.0,11.810375056662416
233000,1535,34,0.02214983713355049,0.02280130293159609,0.1535719216273238,2.0,12.874740877870327
233500,1534,33,0.02151238591916558,0.022816166883963495,0.15780732347480725,2.0,12.529100611935029
234000,1533,40,0.02609262883235486,0.02674494455316373,0.16533083177565422,2.0,11.935191000093957
234500,1532,43,0.028067885117493474,0.028067885117493474,0.1651668215548288,1.0,5.884548153999947
235000,1531,35,0.022860875244937948,0.024167210973220117,0.1618512537596182,2.0,12.207707652121686
235500,1530,26,0.01699346405228758,0.01764705882352941,0.13653874791022497,2.0,14.518610808412271
236000,1529,39,0.025506867233485938,0.025506867233485938,0.15765870403317178,1.0,6.181029704274864
236500,1528,30,0.01963350785340314,0.01963350785340314,0.13873728130093044,1.0,7.066352194260722
237000,1527,32,0.020956123117223315,0.02226588081204977,0.15617178603501428,2.0,12.663837492032878
237500,1526,41,0.026867627785058978,0.02948885976408912,0.18754292005159343,3.0,15.839100401223984
238000,1525,29,0.01901639344262295,0.020327868852459016,0.15012527242289478,2.0,13.186801257358665
238500,1524,38,0.024934383202099737,0.024934383202099737,0.1559251735173977,1.0,6.253420116855635
239000,1523,40,0.026263952724885097,0.026263952724885097,0.15991922183449397,1.0,6.088924371348358
239500,1522,31,0.020367936925098553,0.022339027595269383,0.1605682932017054,2.0,12.316634454850927
240000,1521,33,0.021696252465483234,0.022353714661406968,0.15221350299526923,2.0,12.992581120743656
240500,1520,34,0.02236842105263158,0.023026315789473683,0.1543110302095133,2.0,12.811616133508553
241000,1519,34,0.02238314680710994,0.02238314680710994,0.1479261354396893,1.0,6.608817639202591
241500,1518,31,0.020421607378129116,0.021080368906455864,0.148167169136341,2.0,13.355992711668634
242000,1517,30,0.01977587343441002,0.02043506921555702,0.1460680277268315,2.0,13.55234928266792
242500,1516,34,0.022427440633245383,0.023746701846965697,0.16069013170010674,2.0,12.298535555632515
243000,1515,41,0.02706270627062706,0.029042904290429043,0.18297524983890937,3.0,16.23693422102273
243500,1514,38,0.02509907529722589,0.026420079260237782,0.1684163489633483,2.0,11.718458052841791
244000,1513,35,0.023132848645076007,0.023132848645076007,0.15032538028769465,1.0,6.498351439293771
244500,1512,35,0.023148148148148147,0.023809523809523808,0.15673347347723413,2.0,12.60860512019165
245000,1511,33,0.02183984116479153,0.02316346790205162,0.1589785367001547,2.0,12.43461270389228
245500,1510,33,0.02185430463576159,0.02185430463576159,0.14620770843101577,1.0,6.690110294873752
246000,1509,35,0.023194168323392977,0.024519549370444003,0.1630003164512769,2.0,12.11948843804886
246500,1508,37,0.02453580901856764,0.026525198938992044,0.17262790215109416,2.0,11.431957270347327
247000,1507,34,0.0225613802256138,0.023224950232249502,0.15496029146923554,2.0,12.756655469767248
247500,1506,28,0.01859229747675963,0.020584329349269587,0.1553855800244357,2.0,12.738734638950735
248000,1505,24,0.015946843853820596,0.015946843853820596,0.12526987676581494,1.0,7.855465188856312
248500,1504,36,0.023936170212765957,0.023936170212765957,0.15285035154788312,1.0,6.385748020222672
249000,1503,41,0.027278775781769793,0.028609447771124417,0.17450584875030686,2.0,11.296988418134088
249500,1502,28,0.018641810918774968,0.018641810918774968,0.13525640023467875,1.0,7.255539755445983
250000,1501,40,0.02664890073284477,0.02731512325116589,0.16703727826321207,2.0,11.809848060624763
250500,1500,28,0.018666666666666668,0.019333333333333334,0.14245311119413603,2.0,13.903990232739817
251000,1499,39,0.02601734489659773,0.027351567711807873,0.17109034188385544,2.0,11.529864342823764
251500,1498,45,0.030040053404539385,0.03137516688918558,0.18182682079702575,2.0,10.826922147576902
252000,1497,33,0.022044088176352707,0.02338009352037408,0.15970433755974003,2.0,12.376745282451948
252500,1496,27,0.01804812834224599,0.019385026737967916,0.1472516358747163,2.0,13.450546484571259
253000,1495,24,0.016053511705685617,0.016053511705685617,0.12568132903339713,1.0,7.8288994543720305
253500,1494,25,0.01673360107095047,0.01740294511378849,0.13578943515911313,2.0,14.600525089179996
254000,1493,30,0.020093770931011386,0.020763563295378432,0.14721420605156058,2.0,13.444602187450647
254500,1492,36,0.024128686327077747,0.024798927613941018,0.159763648483834,2.0,12.363269687008453
255000,1491,24,0.01609657947686117,0.01676727028839705,0.13351970101278932,2.0,14.853483902885891
255500,1490,25,0.016778523489932886,0.016778523489932886,0.1284406658322459,1.0,7.655063683601854
256000,1489,35,0.02350570852921424,0.02350570852921424,0.15150310292450733,1.0,6.445374864416898
256500,1488,24,0.016129032258064516,0.016801075268817203,0.13365210495960816,2.0,14.838516200927309
257000,1487,30,0.020174848688634835,0.020174848688634835,0.1405980944715309,1.0,6.96897888263888
257500,1486,46,0.03095558546433378,0.031628532974428,0.178812929891834,2.0,11.007992924316282
258000,1485,29,0.019528619528619527,0.020202020202020204,0.14539841790259864,2.0,13.616365352229847
258500,1484,26,0.01752021563342318,0.01752021563342318,0.13119930517187023,1.0,7.488452649040593
259000,1483,34,0.022926500337154418,0.026298044504383007,0.19077578120600105,4.0,20.829174072178404
259500,1482,31,0.020917678812415654,0.020917678812415654,0.14310880310280102,1.0,6.841524070914552
260000,1481,28,0.018906144496961513,0.018906144496961513,0.13619362025154308,1.0,7.203669699733403
260500,1480,28,0.01891891891891892,0.019594594594594596,0.14339455292520503,2.0,13.810883084508726
261000,1479,31,0.020960108181203516,0.021636240703177823,0.15006791407679587,2.0,13.183122931157774
261500,1478,24,0.016238159675236806,0.016914749661705007,0.13409631194974475,2.0,14.788514475189261
262000,1477,34,0.023019634394041977,0.024373730534867976,0.16685904295889875,3.0,17.833173537967
262500,1476,27,0.018292682926829267,0.018970189701897018,0.1412987443493627,2.0,14.020151554921004
263000,1475,37,0.025084745762711864,0.026440677966101694,0.16868145399413137,2.0,11.699918842901134
263500,1474,33,0.022388059701492536,0.023066485753052916,0.15456802738981268,2.0,12.79005462922304
264000,1473,37,0.025118805159538356,0.025797691785471828,0.16275731668923693,2.0,12.12973000767763
264500,1472,18,0.012228260869565218,0.012228260869565218,0.10990327795689753,1.0,8.98764584180851
265000,1471,24,0.016315431679129844,0.017675050985723997,0.14171055772794194,2.0,13.98854807148507
265500,1470,21,0.014285714285714285,0.014285714285714285,0.11866605518454393,1.0,8.306623862918075
266000,1469,26,0.017699115044247787,0.01906058543226685,0.14635648359838463,2.0,13.535030125509229
266500,1468,28,0.01907356948228883,0.01907356948228883,0.13678365556415403,1.0,7.171371656006363
267000,1467,28,0.0190865712338105,0.021813224267211998,0.16779165681816263,3.0,17.749313834836713
267500,1466,25,0.017053206002728513,0.017053206002728513,0.12946966504844684,1.0,7.592101158440922
268000,1465,25,0.017064846416382253,0.01911262798634812,0.15113867333589814,2.0,13.10642291805241
268500,1464,16,0.01092896174863388,0.011612021857923498,0.11332829754687855,2.0,17.54537940817098
269000,1463,34,0.02323991797676008,0.02323991797676008,0.15066460828341055,1.0,6.48300946819499
269500,1462,33,0.022571819425444596,0.023255813953488372,0.1551868877416409,2.0,12.73782994693112
270000,1461,32,0.02190280629705681,0.02190280629705681,0.14636623030388676,1.0,6.68253320231183
270500,1460,32,0.021917808219178082,0.021917808219178082,0.14641522428369738,1.0,6.680194607943695
271000,1459,23,0.015764222069910898,0.015764222069910898,0.12456207838841415,1.0,7.9015683638563585
271500,1458,29,0.019890260631001373,0.019890260631001373,0.13962320066175324,1.0,7.0196767780978
272000,1457,27,0.018531228551818806,0.019217570350034317,0.142200347876884,2.0,13.929518874067119
272500,1456,27,0.018543956043956044,0.020604395604395604,0.16023220644014943,3.0,18.59423689274653
273000,1455,28,0.019243986254295534,0.01993127147766323,0.14459801638225303,2.0,13.693609207528223
273500,1454,29,0.019944979367262722,0.021320495185694635,0.15367811590332317,2.0,12.875479980891138
274000,1453,27,0.018582243633860976,0.018582243633860976,0.1350442292561693,1.0,7.267380189230147
274500,1452,28,0.01928374655647383,0.01928374655647383,0.13752048456582572,1.0,7.131419413913535
275000,1451,21,0.014472777394900068,0.014472777394900068,0.11942912588383847,1.0,8.251983888449983
275500,1450,34,0.023448275862068966,0.02413793103448276,0.15790693988765947,2.0,12.51282603773599
276000,1449,23,0.015873015873015872,0.015873015873015872,0.12498425196844144,1.0,7.874007874011812
276500,1448,27,0.018646408839779006,0.018646408839779006,0.13527276251026596,1.0,7.254628152402412
277000,1447,22,0.01520387007601935,0.017277125086385625,0.14534488658314595,2.0,13.641504159689708
277500,1446,22,0.015214384508990318,0.015214384508990318,0.12240468542095484,1.0,8.045326141759123
278000,1445,23,0.01591695501730104,0.01730103806228374,0.140605399022287,2.0,14.101158104344512
278500,1444,28,0.019390581717451522,0.02008310249307479,0.14513722140985744,2.0,13.641689418290415
279000,1443,26,0.018018018018018018,0.019404019404019403,0.14764655839873347,2.0,13.41444055368493
279500,1442,13,0.009015256588072122,0.009015256588072122,0.09451974257647629,1.0,10.484420676559909
280000,1441,22,0.015267175572519083,0.015267175572519083,0.12261357560464893,1.0,8.031189202104505
280500,1440,26,0.018055555555555554,0.02013888888888889,0.15459618594867255,2.0,12.806662072300051
281000,1439,33,0.022932592077831826,0.022932592077831826,0.1496886378400966,1.0,6.527331813693908
281500,1438,22,0.015299026425591099,0.015994436717663423,0.1308794685804184,2.0,15.159028263193717
282000,1437,37,0.025748086290883786,0.025748086290883786,0.1583828347493534,1.0,6.151246852292455
282500,1436,26,0.018105849582172703,0.018105849582172703,0.13333427088742203,1.0,7.364154345936079
283000,1435,23,0.01602787456445993,0.01602787456445993,0.1255825696560071,1.0,7.835260324190005
283500,1434,31,0.021617852161785217,0.021617852161785217,0.1454321856732423,1.0,6.727411427594497
284000,1433,28,0.019539427773900907,0.0209351011863224,0.15711092566051962,3.0,18.9615387108771
284500,1432,39,0.02723463687150838,0.027932960893854747,0.16896555457918003,2.0,11.671414591084613
285000,1431,27,0.018867924528301886,0.02026554856743536,0.15049951557052674,2.0,13.15442407856008
285500,1430,29,0.02027972027972028,0.02097902097902098,0.14811314275372114,2.0,13.361548760812171
286000,1429,21,0.01469559132260322,0.01749475157452764,0.15095365429734403,2.0,13.13320474190305
286500,1428,22,0.015406162464985995,0.018207282913165267,0.15772944836818967,3.0,18.904476925110405
287000,1427,19,0.013314646110721794,0.013314646110721794,0.11461835066719481,1.0,8.608441389583525
287500,1426,21,0.014726507713884993,0.015427769985974754,0.12881101833078618,2.0,15.4068514924527
288000,1425,28,0.019649122807017545,0.019649122807017545,0.13879133539213565,1.0,7.063487604778333
288500,1424,22,0.01544943820224719,0.016151685393258428,0.13151160722247335,2.0,15.084967452726346
289000,1423,20,0.014054813773717497,0.014757554462403373,0.12627450425982403,2.0,15.721641175107973
289500,1422,23,0.01617440225035162,0.01828410689170183,0.14889327590450507,2.0,13.309639948947735
290000,1421,19,0.013370865587614356,0.013370865587614356,0.1148568045047933,1.0,8.590079957963752
290500,1420,31,0.021830985915492956,0.02323943661971831,0.15973811885009512,2.0,12.375008405071778
291000,1419,28,0.019732205778717406,0.019732205778717406,0.1390785599358282,1.0,7.048302733890722
291500,1418,23,0.01622002820874471,0.01763046544428773,0.1419172526636263,2.0,13.968488660461492
292000,1417,29,0.020465772759350742,0.02117148906139732,0.14877731586641024,2.0,13.300606341866171
292500,1416,28,0.01977401129943503,0.020480225988700564,0.14653742085448138,2.0,13.508629826213857
293000,1415,22,0.015547703180212015,0.015547703180212015,0.12371730722106766,1.0,7.9572722599004875
293500,1414,19,0.013437057991513438,0.014144271570014143,0.12392997340744186,2.0,16.024014803110877
294000,1413,24,0.016985138004246284,0.017692852087756547,0.13709574479092282,2.0,14.459290118269907
294500,1412,19,0.013456090651558074,0.014872521246458924,0.13222779793989708,2.0,15.012936082138056
295000,1411,15,0.010630758327427357,0.011339475549255847,0.11237582608008119,2.0,17.696515289984042
295500,1410,25,0.01773049645390071,0.01773049645390071,0.13197017068034322,1.0,7.443117626371358
296000,1409,31,0.0220014194464159,0.0248403122782115,0.17697599623570828,3.0,16.81109162261347
296500,1408,28,0.019886363636363636,0.020596590909090908,0.14694497574762128,2.0,13.470371470818739
297000,1407,26,0.01847903340440654,0.019189765458422176,0.1422778354772949,2.0,13.922127982173874
297500,1406,24,0.017069701280227598,0.017069701280227598,0.1295311799468815,1.0,7.58836829188814
298000,1405,25,0.017793594306049824,0.017793594306049824,0.13220053822780578,1.0,7.429670248402683
298500,1404,24,0.017094017094017096,0.017806267806267807,0.13752711026405195,2.0,14.413112646575076
299000,1403,26,0.018531717747683536,0.01924447612259444,0.14247681569709209,2.0,13.902300624745308
299500,1402,30,0.021398002853067047,0.02282453637660485,0.15860846119571773,2.0,12.46576285223286
300000,1401,28,0.01998572448251249,0.02069950035688794,0.14730438822592498,2.0,13.436806082160986
300500,1400,30,0.02142857142857143,0.02142857142857143,0.1448081066622378,1.0,6.757711644237764
301000,1399,26,0.01858470335954253,0.021443888491779844,0.1677259996802083,3.0,17.75846390653345
301500,1398,21,0.015021459227467811,0.015736766809728183,0.13007588609971166,2.0,15.254658589595957
302000,1397,26,0.018611309949892626,0.018611309949892626,0.13514780461347367,1.0,7.261595501731644
302500,1396,24,0.017191977077363897,0.019340974212034383,0.1525283422774429,2.0,12.985514667072344
303000,1395,27,0.01935483870967742,0.02007168458781362,0.14526700871806147,2.0,13.629579991248322
303500,1394,30,0.021520803443328552,0.02223816355810617,0.15224436892451662,2.0,12.990705997293576
304000,1393,33,0.023689877961234746,0.027279253409906678,0.1874822573475085,3.0,15.856011062849507
304500,1392,26,0.01867816091954023,0.01867816091954023,0.1353856980046415,1.0,7.248341985479268
305000,1391,31,0.02228612508986341,0.023005032350826744,0.15464027728664623,2.0,12.784476349486566
305500,1390,24,0.017266187050359712,0.017985611510791366,0.13820628860597323,2.0,14.340985554860973
306000,1389,19,0.013678905687544997,0.014398848092152628,0.12502562167406728,2.0,15.881553919277167
306500,1388,37,0.026657060518731988,0.02881844380403458,0.1797517946262386,2.0,10.966130047795525
307000,1387,19,0.0136986301369863,0.0136986301369863,0.11623673115395301,1.0,8.48528137423857
307500,1386,26,0.01875901875901876,0.01948051948051948,0.1433318885813273,2.0,13.81771704902725
308000,1385,13,0.009386281588447653,0.010830324909747292,0.1166238209573665,2.0,17.056289690743558
308500,1384,20,0.014450867052023121,0.015895953757225433,0.14134543688064544,3.0,21.11213571586753
309000,1383,28,0.02024584237165582,0.02024584237165582,0.14084015137139652,1.0,6.956497476665764
309500,1382,24,0.017366136034732273,0.01808972503617945,0.13859893537538168,2.0,14.299606772562937
310000,1381,22,0.015930485155684286,0.015930485155684286,0.1252066483793445,1.0,7.859562791448852
310500,1380,24,0.017391304347826087,0.017391304347826087,0.13072431633367745,1.0,7.516648189186455
311000,1379,23,0.016678752719361856,0.018129079042784626,0.1438786578429568,2.0,13.774599726391822
311500,1378,17,0.012336719883889695,0.012336719883889695,0.11038353693552375,1.0,8.947559641008924
312000,1377,24,0.017429193899782137,0.017429193899782137,0.13086411692968372,1.0,7.508328708840603
312500,1376,31,0.02252906976744186,0.023255813953488372,0.155462115780476,2.0,12.715279064115018
313000,1375,24,0.017454545454545455,0.017454545454545455,0.130957566782224,1.0,7.5027772635649175
313500,1374,15,0.010917030567685589,0.010917030567685589,0.10391269898943925,1.0,9.518403227432636
314000,1373,20,0.014566642388929352,0.016023306627822288,0.13667438951873517,2.0,14.516082349870063
314500,1372,24,0.01749271137026239,0.01749271137026239,0.1310981175272135,1.0,7.494442385305704
315000,1371,21,0.015317286652078774,0.016046681254558718,0.13133154411729572,2.0,15.106449346042252
315500,1370,22,0.016058394160583942,0.016058394160583942,0.12570012783433143,1.0,7.8276897787742765
316000,1369,15,0.01095690284879474,0.01095690284879474,0.10410018793814357,1.0,9.500877152487906
316500,1368,30,0.021929824561403508,0.02412280701754386,0.17975768974844886,4.0,22.11798114754512
317000,1367,20,0.014630577907827359,0.014630577907827359,0.1200688306677064,1.0,8.206704576137732
317500,1366,23,0.01683748169838946,0.017569546120058566,0.1368392707249345,2.0,14.487291867148985
318000,1365,23,0.01684981684981685,0.01684981684981685,0.1287085875998353,1.0,7.638574872772834
318500,1364,13,0.009530791788856305,0.009530791788856305,0.09715943493420376,1.0,10.194266865404149
319000,1363,16,0.01173881144534116,0.01173881144534116,0.10770799297727113,1.0,9.175374651751284
319500,1362,22,0.016152716593245228,0.016886930983847283,0.13442541176056771,2.0,14.752516232186675
320000,1361,28,0.020573108008817047,0.020573108008817047,0.14195018575428,1.0,6.899792957556252
320500,1360,23,0.016911764705882352,0.01764705882352941,0.1371358026691149,2.0,14.455400432223723
321000,1359,24,0.017660044150110375,0.01839587932303164,0.13974670404988673,2.0,14.17997035529064
321500,1358,25,0.018409425625920472,0.018409425625920472,0.13442662933379002,1.0,7.302054505411474
322000,1357,32,0.023581429624170966,0.02431834929992631,0.1587476190018728,2.0,12.44542540620257
322500,1356,19,0.014011799410029498,0.014749262536873156,0.12651738238352414,2.0,15.691525544253262
323000,1355,23,0.016974169741697416,0.017712177121771217,0.13738439017416,2.0,14.428770403721371
323500,1354,24,0.01772525849335303,0.01846381093057607,0.1400000124676498,2.0,14.153828661460322
324000,1353,18,0.013303769401330377,0.013303769401330377,0.1145721568316081,1.0,8.612007121842542
324500,1352,14,0.010355029585798817,0.010355029585798817,0.10123143260902737,1.0,9.77606406338607
325000,1351,15,0.011102886750555145,0.011102886750555145,0.10478364689377581,1.0,9.437513796899406
325500,1350,26,0.01925925925925926,0.01925925925925926,0.13743485799477473,1.0,7.136040703574841
326000,1349,24,0.017790956263899184,0.017790956263899184,0.13219091549389925,1.0,7.430231041719587
326500,1348,20,0.01483679525222552,0.015578635014836795,0.1296904802641036,2.0,15.301210705242655
327000,1347,25,0.01855976243504083,0.01855976243504083,0.1349640605990931,1.0,7.271863585079137
327500,1346,26,0.019316493313521546,0.019316493313521546,0.13763490254870028,1.0,7.125253031944252
328000,1345,18,0.013382899628252789,0.013382899628252789,0.1149077787871339,1.0,8.586164581594172
328500,1344,14,0.010416666666666666,0.010416666666666666,0.1015291077584267,1.0,9.746794344808965
329000,1343,23,0.01712583767684289,0.01712583767684289,0.12974029197095757,1.0,7.5757048746520015
329500,1342,13,0.009687034277198211,0.009687034277198211,0.09794486022303875,1.0,10.110923263024462
330000,1341,24,0.017897091722595078,0.017897091722595078,0.13257747105171414,1.0,7.407766195014526
330500,1340,19,0.014179104477611941,0.014179104477611941,0.11822883520455112,1.0,8.338244167057816
331000,1339,33,0.024645257654966394,0.02539208364451083,0.1619906716813961,2.0,12.189639661715558
331500,1338,24,0.017937219730941704,0.01868460388639761,0.1408199480717055,2.0,14.069848932941778
332000,1337,22,0.016454749439042633,0.01795063575168287,0.14359729472756008,2.0,13.80283220522197
332500,1336,17,0.012724550898203593,0.01347305389221557,0.12160812760279213,2.0,16.335478436082536
333000,1335,11,0.008239700374531835,0.008239700374531835,0.09039805148491739,1.0,10.971036248396793
333500,1334,26,0.019490254872563718,0.019490254872563718,0.13824031552903163,1.0,7.092791573681854
334000,1333,21,0.015753938484621154,0.015753938484621154,0.12452209405099131,1.0,7.904188160474831
334500,1332,25,0.01876876876876877,0.01951951951951952,0.14366631260928261,2.0,13.785280936851422
335000,1331,25,0.018782870022539443,0.018782870022539443,0.13575740796087643,1.0,7.227724399837061
335500,1330,33,0.02481203007518797,0.02706766917293233,0.17563111527848857,2.0,11.233387248601694
336000,1329,21,0.01580135440180587,0.01730624529721595,0.14147975460025616,2.0,14.013975075831762
336500,1328,27,0.02033132530120482,0.02033132530120482,0.1411310118744332,1.0,6.941554954416567
337000,1327,27,0.020346646571213264,0.020346646571213264,0.14118307456816273,1.0,6.93888666488711
337500,1326,19,0.014328808446455505,0.015082956259426848,0.12792089866728482,2.0,15.516753434505121
338000,1325,22,0.01660377358490566,0.017358490566037735,0.13625933851876232,2.0,14.550500031680112
338500,1324,26,0.019637462235649546,0.019637462235649546,0.13875097229422567,1.0,7.065626435290571
339000,1323,23,0.017384731670445956,0.01889644746787604,0.15190299250923298,3.0,19.625048218526217
339500,1322,27,0.02042360060514372,0.0226928895612708,0.16345182849049114,2.0,12.097185627713914
340000,1321,19,0.014383043149129448,0.01514004542013626,0.128159388992091,2.0,15.487433033114366
340500,1320,33,0.025,0.025757575757575757,0.16312349482468802,2.0,12.102747224513433
341000,1319,30,0.022744503411675512,0.02350265352539803,0.1564179626197329,2.0,12.635999813395198
341500,1318,23,0.017450682852807285,0.018209408194233688,0.1392669247535188,2.0,14.230159783546835
342000,1317,27,0.02050113895216401,0.02126044039483675,0.14942234422736056,2.0,13.242594806264849
342500,1316,20,0.015197568389057751,0.015197568389057751,0.12233806563828636,1.0,8.049844718999243
343000,1315,27,0.02053231939163498,0.02129277566539924,0.14953362804864576,2.0,13.232523347128945
343500,1314,21,0.01598173515981735,0.01598173515981735,0.12540462232748364,1.0,7.846746368491119
344000,1313,22,0.016755521706016754,0.017517136329017517,0.13687043329313184,2.0,14.48437632563894
344500,1312,20,0.01524390243902439,0.01600609756097561,0.131431703351005,2.0,15.09524606205945
345000,1311,20,0.015255530129672006,0.015255530129672006,0.12256752804121765,1.0,8.034301463101817
345500,1310,24,0.0183206106870229,0.0183206106870229,0.1341080382045664,1.0,7.32006375199925
346000,1309,24,0.01833460656990069,0.019098548510313215,0.1423435205267085,2.0,13.916344377038236
346500,1308,22,0.016819571865443424,0.016819571865443424,0.1285949993884156,1.0,7.645557236365801
347000,1307,31,0.023718439173680182,0.026778882938026015,0.17939526720431945,2.0,10.999293057238821
347500,1306,19,0.01454823889739663,0.015313935681470138,0.1288829415538028,2.0,15.399136925269609
348000,1305,19,0.014559386973180077,0.01532567049808429,0.12893161509760462,2.0,15.393232513216136
348500,1304,16,0.012269938650306749,0.012269938650306749,0.11008808861918012,1.0,8.972179222463181
349000,1303,26,0.019953952417498082,0.021488871834228703,0.15523188800946164,2.0,12.745519967167942
349500,1302,14,0.010752688172043012,0.010752688172043012,0.10313616179167139,1.0,9.59166304662544
350000,1301,18,0.013835511145272867,0.013835511145272867,0.11680791829590105,1.0,8.44261676127596
350500,1300,18,0.013846153846153847,0.014615384615384615,0.12625465015749135,2.0,15.725239529063098
351000,1299,25,0.01924557351809084,0.01924557351809084,0.13738697688664162,1.0,7.138627319029899
351500,1298,22,0.01694915254237288,0.01694915254237288,0.12908090009938827,1.0,7.615773105863909
352000,1297,19,0.014649190439475714,0.015420200462606014,0.12932299844404962,2.0,15.345915447483254
352500,1296,20,0.015432098765432098,0.015432098765432098,0.12326373794886332,1.0,7.987490219086344
353000,1295,18,0.013899613899613899,0.014671814671814672,0.12649487764511314,2.0,15.694929488750601
353500,1294,21,0.01622874806800618,0.01777434312210201,0.14335133747848833,2.0,13.82774441972232
354000,1293,23,0.017788089713843776,0.018561484918793503,0.14058359294847447,2.0,14.094379532663009
354500,1292,17,0.013157894736842105,0.015479876160990712,0.14101139118286976,2.0,14.073473832092022
355000,1291,16,0.012393493415956624,0.012393493415956624,0.11063405776208908,1.0,8.926785535678562
355500,1290,18,0.013953488372093023,0.015503875968992248,0.14111934165672693,3.0,21.148738996322702
356000,1289,26,0.02017067494181536,0.021722265321955005,0.1560563656872634,2.0,12.67668720827774
356500,1288,14,0.010869565217391304,0.010869565217391304,0.1036890436322767,1.0,9.539392014169456
357000,1287,23,0.017871017871017872,0.018648018648018648,0.1409051865706985,2.0,14.061597231254844
357500,1286,27,0.020995334370139968,0.020995334370139968,0.14336851225016597,1.0,6.828589139026422
358000,1285,8,0.0062256809338521405,0.0062256809338521405,0.07865698844198149,1.0,12.634278768493278
358500,1284,19,0.014797507788161994,0.014797507788161994,0.1207416313929097,1.0,8.15959235307874
359000,1283,23,0.017926734216679657,0.018706157443491817,0.14112081196909063,2.0,14.039699849448615
359500,1282,21,0.01638065522620905,0.01794071762870515,0.14401032284063672,2.0,13.76331392968726
360000,1281,15,0.0117096018735363,0.0117096018735363,0.10757549487452789,1.0,9.186947262284681
360500,1280,25,0.01953125,0.0203125,0.14650051994361657,2.0,13.513177296312119
361000,1279,16,0.012509773260359656,0.013291634089132134,0.12115563631097694,2.0,16.397985487125606
361500,1278,17,0.013302034428794992,0.013302034428794992,0.11456478651335297,1.0,8.612576303768536
362000,1277,24,0.018794048551292093,0.018794048551292093,0.13579702607326777,1.0,7.225533428981789
362500,1276,25,0.019592476489028215,0.02037617554858934,0.14672554357617718,2.0,13.492019018649106
363000,1275,13,0.01019607843137255,0.01019607843137255,0.1004595362123171,1.0,9.85276220543879
363500,1274,20,0.015698587127158554,0.015698587127158554,0.12430664298165874,1.0,7.918333157931662
364000,1273,24,0.018853102906520033,0.018853102906520033,0.13600611536734736,1.0,7.2139910359430495
364500,1272,14,0.0110062893081761,0.0110062893081761,0.10433192657974273,1.0,9.479300757816626
365000,1271,15,0.011801730920535013,0.012588512981904013,0.11833683469463956,2.0,16.794529718041563
365500,1270,16,0.012598425196850394,0.013385826771653543,0.12157898487361672,2.0,16.340111535669287
366000,1269,16,0.01260835303388495,0.013396375098502758,0.1216262979867372,2.0,16.33366844001227
366500,1268,17,0.013406940063091483,0.013406940063091483,0.11500953882716057,1.0,8.578358543108212
367000,1267,24,0.018942383583267563,0.020520915548539857,0.1525020377048587,2.0,12.98001727873564
367500,1266,24,0.018957345971563982,0.020537124802527645,0.1525611646825639,2.0,12.974880463951411
368000,1265,19,0.015019762845849802,0.015019762845849802,0.12163128532538095,1.0,8.098082944031942
368500,1264,34,0.02689873417721519,0.027689873417721517,0.168835490371085,2.0,11.681845577889582
369000,1263,22,0.01741884402216944,0.01741884402216944,0.13082594503805722,1.0,7.5105985719575585
369500,1262,18,0.014263074484944533,0.017432646592709985,0.15828038316512028,3.0,18.843569201471006
370000,1261,22,0.017446471054718478,0.01823949246629659,0.13961681920178787,2.0,14.194282027507514
370500,1260,11,0.00873015873015873,0.00873015873015873,0.09302657178841411,1.0,10.655770950309252
371000,1259,22,0.017474185861795076,0.017474185861795076,0.13102991524939073,1.0,7.498484695408315
371500,1258,19,0.015103338632750398,0.015103338632750398,0.12196404304095067,1.0,8.075303481342944
372000,1257,16,0.012728719172633254,0.014319809069212411,0.13151780081263534,2.0,15.098185786725965
372500,1256,18,0.014331210191082803,0.014331210191082803,0.11885212074482225,1.0,8.293236869749819
373000,1255,19,0.015139442231075698,0.015139442231075698,0.12210749166209098,1.0,8.065521159785485
373500,1254,19,0.015151515151515152,0.01594896331738437,0.1314895061144559,2.0,15.089044710196003
374000,1253,25,0.019952114924181964,0.019952114924181964,0.1398357180202333,1.0,7.008566187174092
374500,1252,20,0.01597444089456869,0.01597444089456869,0.12537646562523055,1.0,7.848566748139434
375000,1251,13,0.010391686650679457,0.011990407673860911,0.1290069799166692,3.0,23.161611831051427
375500,1250,20,0.016,0.016,0.125475097130865,1.0,7.8421935706790595
376000,1249,15,0.01200960768614892,0.01200960768614892,0.10892831133077255,1.0,9.070097390142328
376500,1248,18,0.014423076923076924,0.014423076923076924,0.11922689199651197,1.0,8.266397845091497
377000,1247,21,0.016840417000801924,0.016840417000801924,0.1286732969813124,1.0,7.640742920747457
377500,1246,16,0.012841091492776886,0.014446227929373997,0.1320901483880641,2.0,15.031808172683105
378000,1245,22,0.017670682730923693,0.017670682730923693,0.13175139355144114,1.0,7.455931135070194
378500,1244,21,0.016881028938906754,0.017684887459807074,0.13776737370343414,2.0,14.388857530284614
379000,1243,16,0.012872083668543845,0.012872083668543845,0.11272263805719707,1.0,8.757139944068497
379500,1242,19,0.015297906602254429,0.01610305958132045,0.13211380325905744,2.0,15.01657579661471
380000,1241,18,0.014504431909750202,0.015310233682514102,0.1291798512641531,2.0,15.363771880020963
380500,1240,18,0.014516129032258065,0.016129032258064516,0.13818354832647675,2.0,14.356781192611875
381000,1239,19,0.01533494753833737,0.01694915254237288,0.1410329350844663,2.0,14.060906030708036
381500,1238,28,0.022617124394184167,0.024232633279483037,0.16394032613857662,2.0,12.051747201298273
382000,1237,23,0.018593371059013743,0.02021018593371059,0.15177405597673513,2.0,13.044323032190455
382500,1236,19,0.015372168284789644,0.016181229773462782,0.13242930398453154,2.0,14.980209897186034
383000,1235,17,0.013765182186234818,0.013765182186234818,0.11651481427532974,1.0,8.464458566472484
383500,1234,25,0.02025931928687196,0.02025931928687196,0.14088605065408194,1.0,6.9541354602854835
384000,1233,19,0.015409570154095702,0.016220600162206,0.13258790408179943,2.0,14.961993807624497
384500,1232,17,0.013798701298701298,0.01461038961038961,0.1265713346267584,2.0,15.685934072230916
385000,1231,20,0.016246953696181964,0.016246953696181964,0.12642385135636425,1.0,7.78138805098422
385500,1230,19,0.015447154471544716,0.016260162601626018,0.1327470751992574,2.0,14.943755517179719
386000,1229,15,0.012205044751830757,0.012205044751830757,0.10980018959198826,1.0,8.99629553390357
386500,1228,21,0.01710097719869707,0.017915309446254073,0.13864709022843946,2.0,14.295898221073363
387000,1227,27,0.022004889975550123,0.022819885900570498,0.15469043460439366,2.0,12.781527953915722
387500,1226,19,0.015497553017944535,0.015497553017944535,0.1235207629040581,1.0,7.970339753703959
388000,1225,19,0.015510204081632653,0.015510204081632653,0.12357037529674643,1.0,7.967037354658651
388500,1224,15,0.012254901960784314,0.013888888888888888,0.13024577348432517,2.0,15.24894864515612
389000,1223,13,0.01062959934587081,0.01062959934587081,0.1025505288314842,1.0,9.647638212377322
389500,1222,16,0.01309328968903437,0.01309328968903437,0.11367433947093511,1.0,8.68187767709267
390000,1221,13,0.010647010647010647,0.010647010647010647,0.10263358032970052,1.0,9.639661660197255
390500,1220,19,0.01557377049180328,0.01557377049180328,0.12381933679547762,1.0,7.950504783709615
391000,1219,15,0.012305168170631665,0.014766201804757998,0.13953576013793678,2.0,14.227419524806812
391500,1218,16,0.013136288998357963,0.013136288998357963,0.1138583633718208,1.0,8.667467911679857
392000,1217,20,0.016433853738701727,0.01725554642563681,0.13638613535495342,2.0,14.537727375397413
392500,1216,21,0.017269736842105265,0.017269736842105265,0.13027468300291387,1.0,7.54352450150206
393000,1215,12,0.009876543209876543,0.009876543209876543,0.09888881182469524,1.0,10.012492197250394
393500,1214,10,0.008237232289950576,0.008237232289950576,0.09038462421314795,1.0,10.972693379476162
394000,1213,21,0.01731244847485573,0.01731244847485573,0.13043284710018865,1.0,7.534049692025184
394500,1212,23,0.018976897689768978,0.020627062706270627,0.15859407946038578,3.0,18.786154864235826
395000,1211,18,0.01486374896779521,0.01486374896779521,0.12100751189251673,1.0,8.141116494546543
395500,1210,20,0.01652892561983471,0.01818181818181818,0.14545454545454545,2.0,13.625000000000002
396000,1209,17,0.014061207609594707,0.01488833746898263,0.12775341324273168,2.0,15.538619377310118
396500,1208,23,0.01903973509933775,0.019867549668874173,0.14535631832879448,2.0,13.62261010114529
397000,1207,8,0.006628003314001657,0.006628003314001657,0.08114230022664652,1.0,12.242344546695293
397500,1206,18,0.014925373134328358,0.014925373134328358,0.12125430454680537,1.0,8.12403840463596
398000,1205,13,0.010788381742738589,0.011618257261410789,0.1146430303026,2.0,17.344113615020998
398500,1204,20,0.016611295681063124,0.016611295681063124,0.12780986087489266,1.0,7.694153624668538
399000,1203,15,0.012468827930174564,0.012468827930174564,0.1109655633979401,1.0,8.899438184514795
399500,1202,13,0.010815307820299502,0.010815307820299502,0.10343276529732573,1.0,9.563552606721963
400000,1201,18,0.01498751040799334,0.01498751040799334,0.12150261289274247,1.0,8.106924338010208
400500,1200,15,0.0125,0.0125,0.11110243021644486,1.0,8.888194417315589
401000,1199,14,0.011676396997497914,0.011676396997497914,0.10742466546680393,1.0,9.200155278192709
401500,1198,15,0.012520868113522538,0.01335559265442404,0.1218469116599848,2.0,16.304429716604798
402000,1197,13,0.01086048454469507,0.01086048454469507,0.10364619829086598,1.0,9.543423027243582
402500,1196,12,0.010033444816053512,0.010869565217391304,0.1114614667589287,2.0,17.845902199409803
403000,1195,10,0.008368200836820083,0.009205020920502092,0.10389383368477279,2.0,19.1618203744394
403500,1194,16,0.01340033500837521,0.01423785594639866,0.12534026200904147,2.0,15.842971063123816
404000,1193,31,0.025984911986588432,0.025984911986588432,0.1590902144559422,1.0,6.122407285352873
404500,1192,21,0.01761744966442953,0.018456375838926176,0.14068969535403708,2.0,14.084497227566237
405000,1191,9,0.007556675062972292,0.007556675062972292,0.08660006769607599,1.0,11.460075625114056
405500,1190,15,0.012605042016806723,0.014285714285714285,0.13207186373666555,2.0,15.035104597853989
406000,1189,13,0.010933557611438183,0.010933557611438183,0.10399045595339769,1.0,9.511127086814604
406500,1188,23,0.01936026936026936,0.01936026936026936,0.13778769658633233,1.0,7.117034067154904
407000,1187,19,0.016006739679865205,0.018534119629317607,0.15246431037389882,2.0,12.996260406854535
407500,1186,19,0.016020236087689713,0.016863406408094434,0.13514944533078677,2.0,14.673656919109465
408000,1185,24,0.020253164556962026,0.02109704641350211,0.14946479438051227,2.0,13.239926912477753
408500,1184,15,0.01266891891891892,0.01266891891891892,0.11184103635224764,1.0,8.827985802737413
409000,1183,6,0.00507185122569738,0.005917159763313609,0.08702162983351605,2.0,22.914795368135852
409500,1182,24,0.02030456852791878,0.021150592216582064,0.14965056646333313,2.0,13.223133427084413
410000,1181,21,0.017781541066892465,0.017781541066892465,0.13215656572482082,1.0,7.4322335295720645
410500,1180,14,0.011864406779661017,0.01440677966101695,0.1448408967721652,3.0,20.61291587441165
411000,1179,19,0.016115351993214587,0.016115351993214587,0.12591920990599242,1.0,7.81361834100869
411500,1178,13,0.011035653650254669,0.011884550084889643,0.11593575989934832,2.0,17.148422985635563
412000,1177,14,0.0118946474086661,0.012744265080713678,0.11950349004259807,2.0,16.629269439837376
412500,1176,21,0.017857142857142856,0.01870748299319728,0.14162695133824407,2.0,13.989516107530493
413000,1175,16,0.013617021276595745,0.013617021276595745,0.11589477127182435,1.0,8.511022265274601
413500,1174,17,0.014480408858603067,0.014480408858603067,0.11946014656734168,1.0,8.249777180591714
414000,1173,17,0.014492753623188406,0.01619778346121057,0.13908801151860153,2.0,14.262927443415762
414500,1172,15,0.012798634812286689,0.012798634812286689,0.11240475861469751,1.0,8.782558473095031
415000,1171,21,0.017933390264730998,0.017933390264730998,0.1327093959685743,1.0,7.40012869900955
415500,1170,17,0.01452991452991453,0.01452991452991453,0.11966117212223816,1.0,8.235504199001099
416000,1169,13,0.011120615911035072,0.01283147989734816,0.12684069139522336,2.0,15.666648441002474
416500,1168,15,0.012842465753424657,0.014554794520547944,0.13329519875546586,2.0,14.895099178491884
417000,1167,15,0.012853470437017995,0.012853470437017995,0.11264217120928867,1.0,8.763560920082657
417500,1166,29,0.024871355060034305,0.024871355060034305,0.15573301113608512,1.0,6.261541068437077
418000,1165,12,0.010300429184549357,0.01201716738197425,0.13047210300429185,3.0,22.901315789473685
418500,1164,15,0.01288659793814433,0.013745704467353952,0.12359196225673157,2.0,16.07106367812736
419000,1163,19,0.01633705932932072,0.017196904557179708,0.13645827745706351,2.0,14.530471382116835
419500,1162,19,0.016351118760757316,0.016351118760757316,0.1268217634163353,1.0,7.756152057356928
420000,1161,17,0.014642549526270457,0.014642549526270457,0.12011721470980408,1.0,8.203299192828386
420500,1160,19,0.016379310344827588,0.017241379310344827,0.13663181211144104,2.0,14.511690872345726
421000,1159,9,0.007765314926660914,0.007765314926660914,0.08777821375917086,1.0,11.30388330520878
421500,1158,20,0.017271157167530225,0.017271157167530225,0.13027994587665706,1.0,7.543208866258444
422000,1157,23,0.019878997407087293,0.020743301642178046,0.14846422312914706,2.0,13.331539792156477
422500,1156,15,0.012975778546712802,0.012975778546712802,0.11316981805154354,1.0,8.721620644505622
423000,1155,14,0.012121212121212121,0.012121212121212121,0.10942709142586539,1.0,9.027735042633894
423500,1154,14,0.012131715771230503,0.012998266897746967,0.12067482839612756,2.0,16.46575147038714
424000,1153,11,0.009540329575021683,0.009540329575021683,0.09720757010964552,1.0,10.18912075785648
424500,1152,20,0.017361111111111112,0.017361111111111112,0.1306127977347502,1.0,7.52329714952161
425000,1151,13,0.011294526498696786,0.01216333622936577,0.11727322346757223,2.0,16.950473475475842
425500,1150,13,0.011304347826086957,0.01217391304347826,0.11732365200363779,2.0,16.943097602305173
426000,1149,12,0.010443864229765013,0.010443864229765013,0.10166016884559678,1.0,9.733961166965893
426500,1148,17,0.014808362369337979,0.0156794425087108,0.13105631564359072,2.0,15.14097621123177
427000,1147,22,0.01918047079337402,0.01918047079337402,0.1371589600919989,1.0,7.1509694193419415
427500,1146,25,0.02181500872600349,0.02268760907504363,0.15465471918949614,2.0,12.78533497902631
428000,1145,15,0.013100436681222707,0.014847161572052401,0.13461119250257447,2.0,14.747308908878294
428500,1144,18,0.015734265734265736,0.015734265734265736,0.12444556487102804,1.0,7.909207011803114
429000,1143,8,0.00699912510936133,0.00699912510936133,0.08336748381152473,1.0,11.911129249571596
429500,1142,15,0.013134851138353765,0.013134851138353765,0.11385221483979595,1.0,8.667948623136464
430000,1141,16,0.014022787028921999,0.016652059596844872,0.14708267621944385,2.0,13.484578819085717
430500,1140,15,0.013157894736842105,0.014035087719298246,0.12486989227560874,2.0,15.90427344885783
431000,1139,22,0.019315188762071993,0.02019315188762072,0.146769597517884,2.0,13.489216306334413
431500,1138,4,0.0035149384885764497,0.0035149384885764497,0.05918263001927148,1.0,16.837458240482736
432000,1137,17,0.014951627088830254,0.014951627088830254,0.12135928450772447,1.0,8.116794499134278
432500,1136,17,0.014964788732394365,0.01584507042253521,0.13173673575021436,2.0,15.061515820003429
433000,1135,21,0.018502202643171806,0.018502202643171806,0.13475856611185358,1.0,7.283379644616848
433500,1134,13,0.01146384479717813,0.01146384479717813,0.10645386352615081,1.0,9.286052402973464
434000,1133,18,0.01588702559576346,0.0176522506619594,0.14446833161948897,2.0,13.721676765530109
434500,1132,14,0.012367491166077738,0.012367491166077738,0.11051939344899939,1.0,8.936282384590521
435000,1131,9,0.007957559681697613,0.007957559681697613,0.08884951843206486,1.0,11.16542281629615
435500,1130,18,0.01592920353982301,0.01592920353982301,0.12520169333683112,1.0,7.859884081701064
436000,1129,19,0.01682905225863596,0.01682905225863596,0.1286306155575416,1.0,7.643366577077076
436500,1128,6,0.005319148936170213,0.005319148936170213,0.07273826771902842,1.0,13.674794331177344
437000,1127,11,0.009760425909494233,0.009760425909494233,0.09831154558626116,1.0,10.072464715974212
437500,1126,14,0.012433392539964476,0.012433392539964476,0.11080976170857706,1.0,8.91227083456127
438000,1125,16,0.014222222222222223,0.015111111111111112,0.12907572664864816,2.0,15.377708422993232
438500,1124,18,0.01601423487544484,0.016903914590747332,0.13563750105653316,2.0,14.620558989675771
439000,1123,14,0.012466607301869992,0.012466607301869992,0.11095580653688636,1.0,8.900240767208812
439500,1122,15,0.013368983957219251,0.0142602495543672,0.1258547815194571,2.0,15.778023897635057
440000,1121,13,0.01159678858162355,0.01159678858162355,0.10706214586032112,1.0,9.232051193032307
440500,1120,20,0.017857142857142856,0.017857142857142856,0.13243211584099399,1.0,7.416198487095662
441000,1119,14,0.012511170688114389,0.013404825737265416,0.12252528915501901,2.0,16.213756261772982
441500,1118,10,0.008944543828264758,0.008944543828264758,0.0941516806221164,1.0,10.526157893552615
442000,1117,19,0.017009847806624886,0.017009847806624886,0.1293078222081725,1.0,7.60193881086993
442500,1116,19,0.017025089605734768,0.017921146953405017,0.1392554994986553,2.0,14.233397317753578
443000,1115,16,0.014349775784753363,0.014349775784753363,0.11892796020987104,1.0,8.287792227125388
443500,1114,18,0.01615798922800718,0.01615798922800718,0.1260829433829762,1.0,7.803133273813084
444000,1113,20,0.017969451931716084,0.017969451931716084,0.1328403204188767,1.0,7.392563831310488
444500,1112,13,0.011690647482014389,0.011690647482014389,0.10748942386795857,1.0,9.194479949320762
445000,1111,17,0.0153015301530153,0.016201620162016202,0.13318899235351153,2.0,14.894612120591518
445500,1110,16,0.014414414414414415,0.014414414414414415,0.11919160654804489,1.0,8.268917704270613
446000,1109,22,0.019837691614066726,0.020739404869251576,0.14870342452442226,2.0,13.310121145230823
446500,1108,19,0.017148014440433214,0.018050541516245487,0.13974896643210044,2.0,14.182211926745952
447000,1107,11,0.00993676603432701,0.01084010840108401,0.11193428958299936,2.0,17.770782295660638
447500,1106,16,0.014466546112115732,0.0162748643761302,0.14009507376670208,2.0,14.159849324376196
448000,1105,16,0.014479638009049774,0.015384615384615385,0.13022243948419207,2.0,15.240195103673361
448500,1104,16,0.014492753623188406,0.015398550724637682,0.1302805801457646,2.0,15.233286857142394
449000,1103,12,0.010879419764279238,0.010879419764279238,0.103735519422577,1.0,9.535023160258536
449500,1102,17,0.015426497277676952,0.015426497277676952,0.12324171558128676,1.0,7.988962974739882
450000,1101,12,0.010899182561307902,0.010899182561307902,0.10382865876434687,1.0,9.526279441628825
450500,1100,15,0.013636363636363636,0.013636363636363636,0.11597591656520975,1.0,8.504900548115383
451000,1099,19,0.017288444040036398,0.017288444040036398,0.13034398238012726,1.0,7.539370349250519
451500,1098,13,0.011839708561020037,0.011839708561020037,0.10816436502938546,1.0,9.135728677097326
452000,1097,18,0.016408386508659983,0.01731996353691887,0.13727030435063675,2.0,14.443619440069263
452500,1096,10,0.009124087591240875,0.009124087591240875,0.09508332459936515,1.0,10.421132376090423
453000,1095,14,0.012785388127853882,0.012785388127853882,0.11234732741936505,1.0,8.787165966014623
453500,1094,19,0.01736745886654479,0.01736745886654479,0.13063625162665862,1.0,7.5218978568191845
454000,1093,19,0.01738334858188472,0.018298261665141813,0.14068852636832185,2.0,14.085738115891363
454500,1092,19,0.0173992673992674,0.0173992673992674,0.13075371082013768,1.0,7.514897485031071
455000,1091,13,0.011915673693858845,0.011915673693858845,0.10850663765079224,1.0,9.106210898231874
455500,1090,17,0.015596330275229359,0.015596330275229359,0.12390756537506224,1.0,7.944661544636343
456000,1089,13,0.011937557392102846,0.011937557392102846,0.10860502804020217,1.0,9.097759656598472
456500,1088,16,0.014705882352941176,0.015625,0.13122154803658448,2.0,15.122325789410421
457000,1087,17,0.015639374425023,0.015639374425023,0.12407572039934701,1.0,7.933547533770012
457500,1086,14,0.01289134438305709,0.01289134438305709,0.1128058403765271,1.0,8.750510189207745
458000,1085,13,0.011981566820276499,0.011981566820276499,0.10880261429215636,1.0,9.080833577460742
458500,1084,10,0.00922509225092251,0.00922509225092251,0.09560329452421856,1.0,10.363397126425292
459000,1083,18,0.01662049861495845,0.01662049861495845,0.1278446621519593,1.0,7.691987172809551
459500,1082,18,0.0166358595194085,0.01756007393715342,0.1382032799030651,2.0,14.344376829937158
460000,1081,15,0.013876040703052728,0.014801110083256245,0.1281880493024471,2.0,15.48661439751581
460500,1080,13,0.012037037037037037,0.012962962962962963,0.12102386709255189,2.0,16.41855515588069
461000,1079,12,0.011121408711770158,0.012048192771084338,0.11728854138688694,2.0,16.94924144952469
461500,1078,11,0.01020408163265306,0.011131725417439703,0.11341559714714601,2.0,17.53610900626121
462000,1077,12,0.011142061281337047,0.012070566388115135,0.11739624367389875,2.0,16.933501204126436
462500,1076,17,0.015799256505576207,0.016728624535315983,0.13530526122790631,2.0,14.657755045637797
463000,1075,16,0.014883720930232559,0.014883720930232559,0.12108755419738032,1.0,8.13557004763649
463500,1074,15,0.013966480446927373,0.013966480446927373,0.11735168456759779,1.0,8.402380615040002
464000,1073,16,0.014911463187325256,0.014911463187325256,0.12119864460025244,1.0,8.12788410350443
464500,1072,14,0.013059701492537313,0.013059701492537313,0.11353037342254772,1.0,8.693182879212227
465000,1071,13,0.012138188608776844,0.014005602240896359,0.13245479459425086,2.0,14.99375242582049
465500,1070,12,0.011214953271028037,0.012149532710280374,0.11777555112886068,2.0,16.878294758432258
466000,1069,12,0.011225444340505144,0.011225444340505144,0.10535385014257127,1.0,9.385272150200725
466500,1068,11,0.010299625468164793,0.010299625468164793,0.10096307831767178,1.0,9.802597058479407
467000,1067,8,0.007497656982193065,0.007497656982193065,0.08626379380696421,1.0,11.505433499003852
467500,1066,22,0.020637898686679174,0.020637898686679174,0.1421688285964175,1.0,6.888725967444594
468000,1065,14,0.013145539906103286,0.014084507042253521,0.12555503962776923,2.0,15.817091045053663
468500,1064,13,0.012218045112781954,0.012218045112781954,0.10985792864606532,1.0,8.991448929185655
469000,1063,8,0.007525870178739417,0.007525870178739417,0.08642471554360001,1.0,11.483684077855852
469500,1062,8,0.007532956685499058,0.007532956685499058,0.08646508687946512,1.0,11.478240283248999
470000,1061,20,0.01885014137606032,0.01885014137606032,0.13599563796741004,1.0,7.214568594171102
470500,1060,9,0.008490566037735849,0.009433962264150943,0.10597997486780088,2.0,18.78247320042183
471000,1059,15,0.014164305949008499,0.014164305949008499,0.11816800914795586,1.0,8.342661445845684
471500,1058,13,0.012287334593572778,0.014177693761814745,0.13325691388402658,2.0,14.902208436002393
472000,1057,15,0.014191106906338695,0.015137180700094607,0.12961556252263506,2.0,15.313460673005869
472500,1056,13,0.01231060606060606,0.01231060606060606,0.11026810526633089,1.0,8.957163012403493
473000,1055,18,0.017061611374407582,0.01800947867298578,0.13993166885329944,2.0,14.163988306356005
473500,1054,12,0.011385199240986717,0.011385199240986717,0.1060923016963519,1.0,9.318440498996242
474000,1053,10,0.00949667616334283,0.010446343779677113,0.11061895368327473,2.0,17.98564884203147
474500,1052,14,0.013307984790874524,0.017110266159695818,0.1562756145061755,2.0,12.688414248801095
475000,1051,18,0.017126546146527116,0.017126546146527116,0.12974292876152438,1.0,7.5755454515756755
475500,1050,13,0.012380952380952381,0.013333333333333334,0.12272048508833991,2.0,16.188549656046188
476000,1049,10,0.009532888465204958,0.009532888465204958,0.09717001853820406,1.0,10.193134944657604
476500,1048,14,0.013358778625954198,0.013358778625954198,0.11480558200530559,1.0,8.594017852968589
477000,1047,6,0.0057306590257879654,0.0066857688634192934,0.09247318007610035,2.0,21.555592978377003
477500,1046,15,0.014340344168260038,0.014340344168260038,0.1188894389649303,1.0,8.290556877154474
478000,1045,22,0.021052631578947368,0.021052631578947368,0.1435598073366932,1.0,6.8190908484929285
478500,1044,9,0.008620689655172414,0.009578544061302681,0.10678250965035847,2.0,18.639957634035767
479000,1043,17,0.016299137104506232,0.016299137104506232,0.12662335974911873,1.0,7.768715542254754
479500,1042,13,0.012476007677543186,0.012476007677543186,0.11099710316027653,1.0,8.896844730231395
480000,1041,13,0.012487992315081652,0.012487992315081652,0.11104972923433948,1.0,8.89252062561134
480500,1040,16,0.015384615384615385,0.016346153846153847,0.1341716587945034,2.0,14.784447505355805
481000,1039,11,0.010587102983638113,0.010587102983638113,0.10234752676079649,1.0,9.667189118587961
481500,1038,7,0.00674373795761079,0.00674373795761079,0.0818428980179091,1.0,12.136132591798521
482000,1037,17,0.01639344262295082,0.01832208293153327,0.1541827005027822,3.0,19.3386022384182
482500,1036,17,0.016409266409266408,0.016409266409266408,0.1270433090925143,1.0,7.742168718814403
483000,1035,9,0.008695652173913044,0.008695652173913044,0.09284415871331575,1.0,10.677078252031311
483500,1034,17,0.01644100580270793,0.01644100580270793,0.12716406383449397,1.0,7.734567176756867
484000,1033,11,0.010648596321393998,0.010648596321393998,0.10264114047387622,1.0,9.638936191774013
484500,1032,16,0.015503875968992248,0.016472868217054265,0.1346829511329547,2.0,14.72738097210887
485000,1031,10,0.009699321047526674,0.009699321047526674,0.09800634784922699,1.0,10.104454463255301
485500,1030,7,0.006796116504854369,0.006796116504854369,0.08215795339044671,1.0,12.088955998880017
486000,1029,17,0.01652089407191448,0.01749271137026239,0.13831251214505108,2.0,14.33353539664324
486500,1028,21,0.020428015564202335,0.020428015564202335,0.1414592229029661,1.0,6.924765768773767
487000,1027,9,0.008763388510223954,0.008763388510223954,0.09320188588243711,1.0,10.635370755695877
487500,1026,15,0.014619883040935672,0.014619883040935672,0.12002558919165959,1.0,8.209750300709517
488000,1025,15,0.014634146341463415,0.014634146341463415,0.12008325487893826,1.0,8.205689083394114
488500,1024,14,0.013671875,0.015625,0.14574029770451274,3.0,20.47734941540188
489000,1023,10,0.009775171065493646,0.009775171065493646,0.09838504508376252,1.0,10.064790112068904
489500,1022,10,0.009784735812133072,0.010763209393346379,0.11226891769019587,2.0,17.718499755167482
490000,1021,14,0.013712047012732615,0.013712047012732615,0.11629284921891468,1.0,8.481071360893706
490500,1020,17,0.016666666666666666,0.016666666666666666,0.12801909579781015,1.0,7.681145747868607
491000,1019,14,0.013738959764474975,0.015701668302257114,0.13921401865597907,2.0,14.253581290554317
491500,1018,9,0.008840864440078585,0.009823182711198428,0.10812642755062486,2.0,18.40601657126792
492000,1017,19,0.018682399213372666,0.018682399213372666,0.13540076503847695,1.0,7.2475041075858435
492500,1016,8,0.007874015748031496,0.007874015748031496,0.08838560756158917,1.0,11.224972160321824
493000,1015,15,0.014778325123152709,0.015763546798029555,0.13223275214609118,2.0,15.005635298354674
493500,1014,13,0.01282051282051282,0.01282051282051282,0.11249954342810413,1.0,8.774964387392123
494000,1013,10,0.009871668311944718,0.009871668311944718,0.09886464725413055,1.0,10.014988766843427
494500,1012,13,0.012845849802371542,0.012845849802371542,0.11260920897167537,1.0,8.766193806102729
495000,1011,10,0.009891196834817012,0.009891196834817012,0.0989614119745263,1.0,10.00499875062461
495500,1010,7,0.006930693069306931,0.007920792079207921,0.09918795870390648,2.0,20.083881490771468
496000,1009,13,0.01288404360753221,0.013875123885034688,0.12515896043517852,2.0,15.868818894062368
496500,1008,12,0.011904761904761904,0.012896825396825396,0.12130385103382406,2.0,16.381204369588364
497000,1007,6,0.005958291956305859,0.006951340615690168,0.09428211282159223,2.0,21.13920233369937
497500,1006,18,0.017892644135188866,0.017892644135188866,0.13256129684429147,1.0,7.408703590297623
498000,1005,19,0.01890547263681592,0.01890547263681592,0.136191246933107,1.0,7.20380016672487
498500,1004,9,0.008964143426294821,0.008964143426294821,0.09425384638797314,1.0,10.514540197058336
499000,1003,13,0.01296111665004985,0.01296111665004985,0.11310670230023352,1.0,8.726617108241093
499500,1002,14,0.013972055888223553,0.014970059880239521,0.12939074608121517,2.0,15.341359411234937
500000,1001,13,0.012987012987012988,0.012987012987012988,0.11321815437767983,1.0,8.717797887081346
500500,1000,19,0.019,0.019,0.13652472303579305,1.0,7.18551173872595
501000,999,8,0.008008008008008008,0.008008008008008008,0.08912844560381207,1.0,11.129914644776033
501500,998,13,0.013026052104208416,0.013026052104208416,0.11338595182290821,1.0,8.704552301481725
502000,997,11,0.011033099297893681,0.011033099297893681,0.1044575034058181,1.0,9.467648263236422
502500,996,10,0.010040160642570281,0.010040160642570281,0.09969631797033261,1.0,9.929753269845126
503000,995,13,0.01306532663316583,0.01407035175879397,0.12602550222647024,2.0,15.758156985341367
503500,994,14,0.014084507042253521,0.014084507042253521,0.11783944035691205,1.0,8.366600265340756
504000,993,10,0.010070493454179255,0.010070493454179255,0.09984527337720393,1.0,9.91463564635635
504500,992,11,0.011088709677419355,0.011088709677419355,0.1047174779829483,1.0,9.443612559916792
505000,991,10,0.010090817356205853,0.010090817356205853,0.09994494865319381,1.0,9.904544411531507
505500,990,8,0.00808080808080808,0.00808080808080808,0.08952937295418319,1.0,11.07925990308017
506000,989,13,0.01314459049544995,0.01314459049544995,0.11389385512904933,1.0,8.664694055586907
506500,988,18,0.018218623481781375,0.020242914979757085,0.15453712294730618,2.0,12.810883542171917
507000,987,10,0.010131712259371834,0.011144883485309016,0.11422354183478234,2.0,17.411954528528398
507500,986,9,0.009127789046653144,0.009127789046653144,0.09510243169221774,1.0,10.41899973872519
508000,985,10,0.01015228426395939,0.01015228426395939,0.10024577491437309,1.0,9.874208829065749
508500,984,10,0.01016260162601626,0.011178861788617886,0.11439587039282545,2.0,17.38542773774913
509000,983,15,0.015259409969481181,0.015259409969481181,0.12258287146605956,1.0,8.033264176742437
509500,982,10,0.010183299389002037,0.010183299389002037,0.10039721013332985,1.0,9.859006035092989
510000,981,10,0.010193679918450561,0.010193679918450561,0.10044784123200827,1.0,9.85393322486001
510500,980,9,0.009183673469387756,0.009183673469387756,0.09539042725030336,1.0,10.386957633921922
511000,979,15,0.015321756894790603,0.015321756894790603,0.12282915232324751,1.0,8.01664934163062
511500,978,10,0.010224948875255624,0.010224948875255624,0.10060019530673901,1.0,9.838699100999074
512000,977,13,0.01330603889457523,0.01330603889457523,0.11458179708623566,1.0,8.611262750250171
512500,976,9,0.009221311475409836,0.009221311475409836,0.09558388404999721,1.0,10.365541203644142
513000,975,15,0.015384615384615385,0.015384615384615385,0.12307692307692308,1.0,8.0
513500,974,19,0.019507186858316223,0.019507186858316223,0.1382991558874853,1.0,7.089651464968983
514000,973,13,0.013360739979445015,0.014388489208633094,0.1274243267406279,2.0,15.582672175565639
514500,972,9,0.009259259259259259,0.0102880658436214,0.11063378649193469,2.0,17.9846681312081
515000,971,13,0.013388259526261586,0.014418125643666324,0.12755381425656878,2.0,15.56662092724585
515500,970,16,0.016494845360824743,0.01752577319587629,0.13885415420456848,2.0,14.277385060323228
516000,969,13,0.013415892672858616,0.013415892672858616,0.1150474097780952,1.0,8.575456928844174
516500,968,12,0.012396694214876033,0.013429752066115703,0.12375584643982564,2.0,16.052334536775387
517000,967,14,0.014477766287487074,0.014477766287487074,0.11944940590397249,1.0,8.250541107795813
517500,966,16,0.016563146997929608,0.016563146997929608,0.12762761910908854,1.0,7.705517503711221
518000,965,15,0.015544041450777202,0.015544041450777202,0.12370296773381681,1.0,7.958224257542214
518500,964,11,0.011410788381742738,0.011410788381742738,0.10621008563337958,1.0,9.307865686416175
519000,963,10,0.010384215991692628,0.010384215991692628,0.10137250144852154,1.0,9.762171889492626
519500,962,6,0.006237006237006237,0.006237006237006237,0.07872805084724112,1.0,12.622730819174324
520000,961,8,0.008324661810613945,0.009365244536940686,0.10657721231275227,2.0,18.677864735488807
520500,960,10,0.010416666666666666,0.010416666666666666,0.1015291077584267,1.0,9.746794344808965
521000,959,8,0.008342022940563087,0.008342022940563087,0.09095291965529312,1.0,10.902981243678264
521500,958,18,0.018789144050104383,0.019832985386221295,0.14672191638990084,2.0,13.496054736305759
522000,957,15,0.01567398119122257,0.01567398119122257,0.1242107382831282,1.0,7.924645102463581
522500,956,11,0.011506276150627616,0.011506276150627616,0.10664840251861775,1.0,9.26871570979987
523000,955,9,0.009424083769633508,0.009424083769633508,0.09661920313652167,1.0,10.252370999486464
523500,954,10,0.010482180293501049,0.010482180293501049,0.10184450986575362,1.0,9.715966241192895
524000,953,14,0.014690451206715634,0.016789087093389297,0.1438905327716428,2.0,13.782775521819818
524500,952,10,0.01050420168067227,0.01050420168067227,0.10195029881135234,1.0,9.705668446840743
525000,951,9,0.00946372239747634,0.00946372239747634,0.09682024765440257,1.0,10.23067283548187
525500,950,13,0.01368421052631579,0.01368421052631579,0.11617638705256443,1.0,8.489812899995092
526000,949,6,0.006322444678609062,0.006322444678609062,0.07926204244084926,1.0,12.536613046060992
526500,948,11,0.011603375527426161,0.012658227848101266,0.12086232563208864,2.0,16.44302111314218
527000,947,21,0.022175290390707498,0.022175290390707498,0.14725334253182606,1.0,6.6404245417923455
527500,946,10,0.010570824524312896,0.010570824524312896,0.10226965431245517,1.0,9.674709297958259
528000,945,12,0.012698412698412698,0.012698412698412698,0.11196947357808507,1.0,8.817596044274199
528500,944,18,0.019067796610169493,0.0211864406779661,0.15803437456755523,2.0,12.52141228600963
529000,943,10,0.010604453870625663,0.010604453870625663,0.1024304614298473,1.0,9.6591925128346
529500,942,12,0.012738853503184714,0.012738853503184714,0.11214533032903828,1.0,8.803408430829505
530000,941,10,0.010626992561105207,0.010626992561105207,0.10253808848526201,1.0,9.648834126463155
530500,940,5,0.005319148936170213,0.005319148936170213,0.07273826771902842,1.0,13.674794331177344
531000,939,7,0.007454739084132056,0.007454739084132056,0.08601840471271,1.0,11.538754575033527
531500,938,9,0.009594882729211088,0.009594882729211088,0.09748241356585184,1.0,10.15983376941878
532000,937,9,0.0096051227321238,0.0096051227321238,0.09753391384244066,1.0,10.154364141151879
532500,936,13,0.013888888888888888,0.013888888888888888,0.11702985796078275,1.0,8.42614977317636
533000,935,7,0.0074866310160427805,0.0074866310160427805,0.08620082001972143,1.0,11.513966674062791
533500,934,11,0.011777301927194861,0.01284796573875803,0.12175476638826124,2.0,16.320938335378624
534000,933,5,0.0053590568060021436,0.0053590568060021436,0.07300915912508639,1.0,13.623509092741122
534500,932,8,0.008583690987124463,0.008583690987124463,0.09224972214680119,1.0,10.747092630102339
535000,931,18,0.01933404940923738,0.01933404940923738,0.13769620162763585,1.0,7.1219535397405
535500,930,14,0.015053763440860216,0.015053763440860216,0.12176677562917906,1.0,8.088792952509753
536000,929,12,0.012917115177610334,0.012917115177610334,0.11291706387034106,1.0,8.741662694628904
536500,928,7,0.007543103448275862,0.007543103448275862,0.08652285847476648,1.0,11.470458952083328
537000,927,13,0.014023732470334413,0.014023732470334413,0.11758855130468655,1.0,8.384968235341878
537500,926,11,0.011879049676025918,0.011879049676025918,0.10834176413009171,1.0,9.12040668949681
538000,925,5,0.005405405405405406,0.005405405405405406,0.07332248630405695,1.0,13.564659966250536
538500,924,11,0.011904761904761904,0.011904761904761904,0.10845754260886069,1.0,9.110433579144301
539000,923,10,0.010834236186348862,0.010834236186348862,0.1035222464623294,1.0,9.555103348473004
539500,922,13,0.014099783080260303,0.014099783080260303,0.11790241387414385,1.0,8.362001968612356
540000,921,12,0.013029315960912053,0.013029315960912053,0.11339996863536946,1.0,8.703447592764604
540500,920,9,0.009782608695652175,0.009782608695652175,0.09842209743121676,1.0,10.060925515191046
541000,919,19,0.020674646354733407,0.020674646354733407,0.14229267497956496,1.0,6.8824720161168536
541500,918,10,0.010893246187363835,0.010893246187363835,0.10380069062807491,1.0,9.528903399657276
542000,917,15,0.016357688113413305,0.016357688113413305,0.1268468137282037,1.0,7.754568545917517
542500,916,14,0.015283842794759825,0.016375545851528384,0.13524345996435463,2.0,14.667063787567136
543000,915,11,0.012021857923497269,0.014207650273224045,0.13556318691441033,2.0,14.648463162647047
543500,914,9,0.009846827133479213,0.009846827133479213,0.09874141546930848,1.0,10.027739304327548
544000,913,7,0.007667031763417305,0.007667031763417305,0.08722527378779649,1.0,11.37666785260831
544500,912,15,0.01644736842105263,0.017543859649122806,0.13938814545676054,2.0,14.222559126922691
545000,911,10,0.010976948408342482,0.010976948408342482,0.10419431372192567,1.0,9.492101980067428
545500,910,15,0.016483516483516484,0.016483516483516484,0.1273256068819392,1.0,7.724420150837645
546000,909,4,0.0044004400440044,0.0044004400440044,0.06618969837839966,1.0,15.041608956491324
546500,908,16,0.01762114537444934,0.018722466960352423,0.14343841662217657,2.0,13.812739848198577
547000,907,10,0.011025358324145534,0.012127894156560088,0.1191044919586011,2.0,16.69015226171649
547500,906,6,0.006622516556291391,0.006622516556291391,0.08110893188023768,1.0,12.24744871391589
548000,905,8,0.008839779005524863,0.008839779005524863,0.09360361805324806,1.0,10.588909292273684
548500,904,18,0.01991150442477876,0.01991150442477876,0.1396962290697955,1.0,7.015855059949729
549000,903,8,0.008859357696566999,0.008859357696566999,0.09370629369349359,1.0,10.57709790065309
549500,902,15,0.01662971175166297,0.017738359201773836,0.14014636889632356,2.0,14.144224045252637
550000,901,11,0.01220865704772475,0.014428412874583796,0.1366006787326565,2.0,14.535590932248676
550500,900,9,0.01,0.01,0.099498743710662,1.0,9.9498743710662
551000,899,14,0.01557285873192436,0.01557285873192436,0.1238157696048443,1.0,7.950741205339646
551500,898,7,0.0077951002227171495,0.008908685968819599,0.10514985865579399,2.0,18.9357488396535
552000,897,12,0.013377926421404682,0.013377926421404682,0.11488671596868005,1.0,8.587782018658835
552500,896,6,0.006696428571428571,0.006696428571428571,0.08155725851091566,1.0,12.179217270963408
553000,895,14,0.01564245810055866,0.01564245810055866,0.12408775767629507,1.0,7.932753080020293
553500,894,9,0.010067114093959731,0.010067114093959731,0.09982868980297661,1.0,9.916316520429012
554000,893,12,0.013437849944008958,0.013437849944008958,0.11514023681099174,1.0,8.568352622684635
554500,892,13,0.014573991031390135,0.014573991031390135,0.11983985070420897,1.0,8.22285744831957
555000,891,12,0.013468013468013467,0.013468013468013467,0.11526762807154,1.0,8.558621384311845
555500,890,9,0.010112359550561797,0.010112359550561797,0.10005048593026403,1.0,9.89388138643722
556000,889,6,0.006749156355455568,0.007874015748031496,0.10030819711859597,2.0,19.86005173531976
556500,888,16,0.018018018018018018,0.018018018018018018,0.13301642396606667,1.0,7.3824115301167
557000,887,7,0.007891770011273957,0.009019165727170236,0.10579514076056912,2.0,18.819208708070338
557500,886,9,0.010158013544018058,0.010158013544018058,0.10027376678303057,1.0,9.871395263307232
558000,885,9,0.010169491525423728,0.011299435028248588,0.11589497315216347,2.0,17.159506671274702
558500,884,12,0.013574660633484163,0.013574660633484163,0.11571684934429341,1.0,8.524474568362947
559000,883,14,0.015855039637599093,0.01698754246885617,0.13770973651938753,2.0,14.399943734203315
559500,882,9,0.01020408163265306,0.01020408163265306,0.10049854899791943,1.0,9.848857801796104
560000,881,9,0.01021566401816118,0.01021566401816118,0.10055498111396187,1.0,9.843215373488933
560500,880,8,0.00909090909090909,0.00909090909090909,0.09491187735373227,1.0,10.44030650891055
561000,879,15,0.017064846416382253,0.020477815699658702,0.16396467098244796,2.0,12.072857966532586
561500,878,13,0.014806378132118452,0.014806378132118452,0.12077727144925561,1.0,8.157111102495879
562000,877,13,0.014823261117445839,0.01596351197263398,0.13412374871181404,2.0,14.792581530735323
562500,876,16,0.0182648401826484,0.019406392694063926,0.1459893476918736,2.0,13.566699479240048
563000,875,6,0.006857142857142857,0.006857142857142857,0.0825234660504489,1.0,12.03467213235713
563500,874,14,0.016018306636155607,0.016018306636155607,0.12554569084068837,1.0,7.837638128197258
564000,873,8,0.009163802978235968,0.010309278350515464,0.1117763296721003,2.0,17.800644622043958
564500,872,9,0.010321100917431193,0.010321100917431193,0.10106718455207601,1.0,9.792287214378922
565000,871,8,0.009184845005740528,0.009184845005740528,0.0953964550073065,1.0,10.386289038920493
565500,870,4,0.004597701149425287,0.004597701149425287,0.06765029411292948,1.0,14.713938969562161
566000,869,15,0.01726121979286536,0.01726121979286536,0.1302431191431154,1.0,7.545418035691154
566500,868,9,0.010368663594470046,0.01152073732718894,0.11701349240179375,2.0,16.993589558415138
567000,867,13,0.014994232987312572,0.016147635524798153,0.13488400374665485,2.0,14.707840139453168
567500,866,10,0.011547344110854504,0.012702078521939953,0.1218614153263178,2.0,16.307851965747464
568000,865,5,0.005780346820809248,0.005780346820809248,0.07580853785320232,1.0,13.114877048604
568500,864,9,0.010416666666666666,0.010416666666666666,0.1015291077584267,1.0,9.746794344808965
569000,863,14,0.016222479721900347,0.01738122827346466,0.13927174257651476,2.0,14.235614023694009
569500,862,14,0.016241299303944315,0.016241299303944315,0.12640221319606715,1.0,7.782764841072135
570000,861,13,0.015098722415795587,0.018583042973286876,0.15876509251760107,2.0,12.480180155515285
570500,860,9,0.010465116279069767,0.010465116279069767,0.1017624568312662,1.0,9.723968097209882
571000,859,8,0.009313154831199068,0.009313154831199068,0.09605425538876028,1.0,10.313825672368134
571500,858,9,0.01048951048951049,0.01048951048951049,0.10187973625408017,1.0,9.71253485622231
572000,857,6,0.007001166861143524,0.007001166861143524,0.08337955698926416,1.0,11.90938005663323
572500,856,10,0.011682242990654205,0.011682242990654205,0.10745123633240111,1.0,9.197825830053535
573000,855,13,0.0152046783625731,0.0152046783625731,0.12236623765754916,1.0,8.047933322861887
573500,854,7,0.00819672131147541,0.00819672131147541,0.09016393442622951,1.0,11.0
574000,853,10,0.011723329425556858,0.011723329425556858,0.1076377859895712,1.0,9.181503144910424
574500,852,4,0.004694835680751174,0.004694835680751174,0.0683578393359673,1.0,14.56021977856104
575000,851,11,0.012925969447708578,0.01410105757931845,0.12748487760390617,2.0,15.57752558378605
575500,850,12,0.01411764705882353,0.015294117647058824,0.13195889052628224,2.0,15.040334716649102
576000,849,19,0.02237926972909305,0.02237926972909305,0.14791361673451686,1.0,6.609403189873938
576500,848,8,0.009433962264150943,0.009433962264150943,0.09666934684867545,1.0,10.246950765959598
577000,847,4,0.004722550177095631,0.004722550177095631,0.0685583524956693,1.0,14.517231140957977
577500,846,13,0.015366430260047281,0.015366430260047281,0.12300529696362829,1.0,8.00480624855612
578000,845,12,0.014201183431952662,0.014201183431952662,0.11831952425988154,1.0,8.331666499966659
578500,844,10,0.011848341232227487,0.011848341232227487,0.10820331807422628,1.0,9.1323600454647
579000,843,6,0.0071174377224199285,0.00830367734282325,0.1029912885938232,2.0,19.338493088595328
579500,842,9,0.010688836104513063,0.011876484560570071,0.11878859619999989,2.0,16.736653004065317
580000,841,11,0.013079667063020214,0.016646848989298454,0.15331045385290082,2.0,12.936842212427996
580500,840,9,0.010714285714285714,0.010714285714285714,0.10295382360999696,1.0,9.60902353693305
581000,839,11,0.013110846245530394,0.013110846245530394,0.11374951409239714,1.0,8.675985665774654
581500,838,11,0.013126491646778043,0.014319809069212411,0.12845772449449058,2.0,15.457849644658397
582000,837,13,0.015531660692951015,0.02031063321385902,0.17162766803207202,2.0,11.534791502359614
582500,836,6,0.007177033492822967,0.007177033492822967,0.08441281705443708,1.0,11.761519176251568
583000,835,6,0.00718562874251497,0.00718562874251497,0.08446298291020578,1.0,11.754431788336971
583500,834,9,0.01079136690647482,0.01079136690647482,0.10331947206003649,1.0,9.574271077563381
584000,833,9,0.010804321728691477,0.010804321728691477,0.10338079299693151,1.0,9.568466729604882
584500,832,6,0.007211538461538462,0.007211538461538462,0.08461401878268289,1.0,11.73314393786536
585000,831,5,0.006016847172081829,0.006016847172081829,0.07733462822170699,1.0,12.853015210447703
585500,830,10,0.012048192771084338,0.012048192771084338,0.10910102576069178,1.0,9.055385138137416
586000,829,13,0.015681544028950542,0.015681544028950542,0.12424022378367895,1.0,7.922703501282299
586500,828,6,0.007246376811594203,0.007246376811594203,0.08481666601970743,1.0,11.704699910719624
587000,827,15,0.018137847642079808,0.020556227327690448,0.1580203411493724,2.0,12.52651246209622
587500,826,11,0.013317191283292978,0.013317191283292978,0.11462915728390034,1.0,8.60760762877288
588000,825,12,0.014545454545454545,0.01575757575757576,0.13391608188736123,2.0,14.817058536041992
588500,824,13,0.015776699029126214,0.015776699029126214,0.12461057257259747,1.0,7.898393215370794
589000,823,12,0.014580801944106925,0.014580801944106925,0.11986743577291396,1.0,8.220908303425682
589500,822,15,0.01824817518248175,0.01824817518248175,0.13384759723279013,1.0,7.334848328356899
590000,821,13,0.015834348355663823,0.015834348355663823,0.12483437734780956,1.0,7.883771061734744
590500,820,4,0.004878048780487805,0.004878048780487805,0.06967247247358878,1.0,14.2828568570857
591000,819,10,0.01221001221001221,0.01221001221001221,0.10982225553977464,1.0,8.994442728707545
591500,818,14,0.017114914425427872,0.017114914425427872,0.1296996304144239,1.0,7.578164119928482
592000,817,8,0.009791921664626682,0.009791921664626682,0.09846847178026323,1.0,10.056092680559383
592500,816,9,0.011029411764705883,0.011029411764705883,0.104440240524572,1.0,9.46924847422786
593000,815,5,0.006134969325153374,0.006134969325153374,0.07808541141937335,1.0,12.727922061357855
593500,814,7,0.0085995085995086,0.0085995085995086,0.09233394311603711,1.0,10.737118528064887
594000,813,11,0.013530135301353014,0.013530135301353014,0.11552952324007962,1.0,8.538682035834974
594500,812,10,0.012315270935960592,0.012315270935960592,0.11028873486324194,1.0,8.955445270895243
595000,811,5,0.006165228113440197,0.006165228113440197,0.07827654869595008,1.0,12.696456198483103
595500,810,11,0.013580246913580247,0.013580246913580247,0.1157403292173754,1.0,8.522696969643096
596000,809,10,0.012360939431396786,0.012360939431396786,0.11049048197817822,1.0,8.938679992034618
596500,808,6,0.007425742574257425,0.007425742574257425,0.08585220394071597,1.0,11.561430130683084
597000,807,6,0.007434944237918215,0.007434944237918215,0.08590498147428507,1.0,11.554220008291344
597500,806,11,0.013647642679900745,0.013647642679900745,0.11602320685613933,1.0,8.501336793277119
598000,805,7,0.008695652173913044,0.008695652173913044,0.09284415871331575,1.0,10.677078252031311
598500,804,9,0.011194029850746268,0.012437810945273632,0.12153466169458814,2.0,16.35387107958874
599000,803,14,0.017434620174346202,0.017434620174346202,0.13088412506382308,1.0,7.5071394590178535
599500,802,10,0.012468827930174564,0.012468827930174564,0.1109655633979401,1.0,8.899438184514795
600000,801,7,0.008739076154806492,0.008739076154806492,0.09307365203303772,1.0,10.650285039780456
600500,800,8,0.01,0.01,0.099498743710662,1.0,9.9498743710662
601000,799,7,0.008760951188986232,0.008760951188986232,0.09318903864323547,1.0,10.63686312513502
601500,798,10,0.012531328320802004,0.012531328320802004,0.11123980461740424,1.0,8.87693640846886
602000,797,11,0.013801756587202008,0.013801756587202008,0.11666733948414884,1.0,8.453079051715147
602500,796,8,0.010050251256281407,0.010050251256281407,0.09974589568482015,1.0,9.924716620639602
603000,795,8,0.010062893081761006,0.011320754716981131,0.1170825285858626,2.0,16.98527755850967
603500,794,9,0.011335012594458438,0.011335012594458438,0.10586089969361637,1.0,9.3392838174146
604000,793,19,0.02395964691046658,0.02395964691046658,0.15292345219224013,1.0,6.382541978339285
604500,792,10,0.012626262626262626,0.012626262626262626,0.11165500489613205,1.0,8.843076387773657
605000,791,4,0.0050568900126422255,0.0050568900126422255,0.07093178325717087,1.0,14.026760139105537
605500,790,6,0.007594936708860759,0.007594936708860759,0.08681735797206201,1.0,11.430952132988164
606000,789,8,0.010139416983523447,0.010139416983523447,0.10018287881049177,1.0,9.880536422684752
606500,788,4,0.005076142131979695,0.005076142131979695,0.07106598984771573,1.0,14.000000000000002
607000,787,8,0.010165184243964422,0.010165184243964422,0.10030878961113368,1.0,9.867877177995275
607500,786,7,0.008905852417302799,0.008905852417302799,0.09394965784942498,1.0,10.549204438521148
608000,785,8,0.01019108280254777,0.01019108280254777,0.10043517627733516,1.0,9.85520167221351
608500,784,9,0.011479591836734694,0.012755102040816327,0.12305864382849323,2.0,16.14876319235897
609000,783,12,0.01532567049808429,0.01532567049808429,0.12284459419066204,1.0,8.0156097709407
609500,782,11,0.014066496163682864,0.015345268542199489,0.132918531562008,2.0,14.931362151950472
610000,781,13,0.016645326504481434,0.016645326504481434,0.12793849932698384,1.0,7.686151382644182
610500,780,9,0.011538461538461539,0.011538461538461539,0.10679571828396017,1.0,9.255628917943213
611000,779,9,0.011553273427471117,0.011553273427471117,0.10686344230175822,1.0,9.249624617007738
611500,778,7,0.008997429305912597,0.008997429305912597,0.09442709130221952,1.0,10.494896719018113
612000,777,13,0.01673101673101673,0.01673101673101673,0.12826180183578884,1.0,7.666109232800612
612500,776,12,0.015463917525773196,0.01675257731958763,0.13801901340166048,2.0,14.36937834723395
613000,775,12,0.015483870967741935,0.015483870967741935,0.12346708349838127,1.0,7.973915809270458
613500,774,11,0.014211886304909561,0.014211886304909561,0.11836345970174193,1.0,8.328483437195295
614000,773,18,0.02328589909443726,0.02457956015523933,0.1629807580649275,2.0,12.120574620580681
614500,772,8,0.010362694300518135,0.010362694300518135,0.10126849888959619,1.0,9.77241014284603
615000,771,5,0.00648508430609598,0.00648508430609598,0.0802684744319886,1.0,12.37739875741264
615500,770,3,0.003896103896103896,0.003896103896103896,0.062297064702397174,1.0,15.989579940281944
616000,769,5,0.006501950585175552,0.007802340702210663,0.10169682598708532,2.0,19.589575583713717
616500,768,8,0.010416666666666666,0.010416666666666666,0.1015291077584267,1.0,9.746794344808965
617000,767,8,0.010430247718383311,0.010430247718383311,0.10159457490888217,1.0,9.740379869389079
617500,766,8,0.010443864229765013,0.010443864229765013,0.10166016884559678,1.0,9.733961166965893
618000,765,12,0.01568627450980392,0.018300653594771243,0.16065141433450683,3.0,18.560056621703705
618500,764,8,0.010471204188481676,0.010471204188481676,0.10179173871844807,1.0,9.72111104761179
619000,763,9,0.011795543905635648,0.011795543905635648,0.10796485099144938,1.0,9.153020145163987
619500,762,9,0.011811023622047244,0.011811023622047244,0.10803482467726176,1.0,9.146948489341495
620000,761,5,0.006570302233902759,0.006570302233902759,0.08079067620993113,1.0,12.296340919151518
620500,760,10,0.013157894736842105,0.013157894736842105,0.11395071102426824,1.0,8.660254037844387
621000,759,12,0.015810276679841896,0.015810276679841896,0.12474097895699209,1.0,7.889866919029751
621500,758,8,0.010554089709762533,0.011873350923482849,0.11987867570494475,2.0,16.58448958820548
622000,757,12,0.015852047556142668,0.017173051519154558,0.13971451516109126,2.0,14.191989616788492
622500,756,17,0.022486772486772486,0.022486772486772486,0.14826030335157356,1.0,6.593222901987626
623000,755,7,0.009271523178807948,0.009271523178807948,0.09584133782847971,1.0,10.337172865786023
623500,754,3,0.003978779840848806,0.003978779840848806,0.06295195907854545,1.0,15.821925715074425
624000,753,9,0.01195219123505976,0.01195219123505976,0.1086707704939112,1.0,9.092121131323903
624500,752,6,0.007978723404255319,0.007978723404255319,0.08896664193445601,1.0,11.150485789118488
625000,751,12,0.015978695073235686,0.017310252996005325,0.14026305280706997,2.0,14.135509724939176
625500,750,12,0.016,0.016,0.125475097130865,1.0,7.8421935706790595
626000,749,7,0.009345794392523364,0.009345794392523364,0.09622084243913084,1.0,10.295630140987
626500,748,8,0.0106951871657754,0.0106951871657754,0.10286301637257403,1.0,9.617692030835673
627000,747,3,0.004016064257028112,0.004016064257028112,0.0632450431647535,1.0,15.74801574802362
627500,746,10,0.013404825737265416,0.014745308310991957,0.13118250394491954,2.0,15.133532536645056
628000,745,7,0.009395973154362415,0.009395973154362415,0.09647636416679951,1.0,10.26784161489509
628500,744,7,0.009408602150537635,0.009408602150537635,0.09654056326804052,1.0,10.260882724488877
629000,743,11,0.014804845222072678,0.014804845222072678,0.12077111318532735,1.0,8.157539736063475
629500,742,12,0.016172506738544475,0.016172506738544475,0.12613864104363978,1.0,7.799572637865061
630000,741,8,0.010796221322537112,0.012145748987854251,0.12123235995398492,2.0,16.397059760006798
630500,740,14,0.01891891891891892,0.02027027027027027,0.15020682113720127,2.0,13.180025479145275
631000,739,6,0.008119079837618403,0.009472259810554804,0.10994951591757443,2.0,18.10401549818263
631500,738,10,0.013550135501355014,0.014905149051490514,0.13188257156847666,2.0,15.05198774439881
632000,737,7,0.009497964721845319,0.009497964721845319,0.09699357395202994,1.0,10.212037714663724
632500,736,10,0.01358695652173913,0.016304347826086956,0.14653770394253005,2.0,13.537100683329184
633000,735,12,0.0163265306122449,0.0163265306122449,0.12672795670416345,1.0,7.762087348130012
633500,734,4,0.005449591280653951,0.005449591280653951,0.07361992417496618,1.0,13.509256086106298
634000,733,11,0.015006821282401092,0.015006821282401092,0.12157967180988426,1.0,8.101627221513198
634500,732,4,0.00546448087431694,0.00546448087431694,0.07371987739471061,1.0,13.49073756323204
635000,731,5,0.006839945280437756,0.006839945280437756,0.08242063108832869,1.0,12.049896265113656
635500,730,8,0.010958904109589041,0.010958904109589041,0.10410958904109589,1.0,9.5
636000,729,14,0.019204389574759947,0.0205761316872428,0.15131503136502253,2.0,13.081475451951128
636500,728,6,0.008241758241758242,0.009615384615384616,0.1107708523996073,2.0,17.968486946406053
637000,727,8,0.011004126547455296,0.011004126547455296,0.10432178941325194,1.0,9.48024261292927
637500,726,7,0.009641873278236915,0.009641873278236915,0.09771851184869393,1.0,10.134805657450256
638000,725,10,0.013793103448275862,0.013793103448275862,0.11663127258819148,1.0,8.45576726264388
638500,724,5,0.006906077348066298,0.008287292817679558,0.10479047921762794,2.0,19.006618941458882
639000,723,11,0.015214384508990318,0.015214384508990318,0.12240468542095484,1.0,8.045326141759123
639500,722,9,0.012465373961218837,0.012465373961218837,0.11095038717023842,1.0,8.900686615212459
640000,721,7,0.009708737864077669,0.011095700416088766,0.11724551570267992,2.0,16.96358523960546
640500,720,8,0.011111111111111112,0.011111111111111112,0.1048220125784067,1.0,9.433981132056605
641000,719,6,0.008344923504867872,0.008344923504867872,0.09096859763987668,1.0,10.901070283845222
641500,718,8,0.011142061281337047,0.011142061281337047,0.10496626006360318,1.0,9.420721840708385
642000,717,5,0.00697350069735007,0.00697350069735007,0.0832158097080965,1.0,11.93314711214104
642500,716,5,0.006983240223463687,0.006983240223463687,0.08327349265789856,1.0,11.924764148611075
643000,715,6,0.008391608391608392,0.008391608391608392,0.09122055305801582,1.0,10.870449239413551
643500,714,6,0.008403361344537815,0.008403361344537815,0.09128386967395138,1.0,10.862780491200217
644000,713,8,0.011220196353436185,0.011220196353436185,0.10532949989070736,1.0,9.387491677759295
644500,712,6,0.008426966292134831,0.008426966292134831,0.09141089941164594,1.0,10.847426730181988
645000,711,9,0.012658227848101266,0.012658227848101266,0.1117944413459221,1.0,8.831760866327848
645500,710,10,0.014084507042253521,0.015492957746478873,0.1344240581711302,2.0,14.763034751763854
646000,709,14,0.019746121297602257,0.021156558533145273,0.15339437093734865,2.0,12.9003654395837
646500,708,7,0.009887005649717515,0.009887005649717515,0.09894065276214813,1.0,10.00714030794298
647000,707,6,0.008486562942008486,0.008486562942008486,0.0917308083003732,1.0,10.808946911393974
647500,706,8,0.0113314447592068,0.0113314447592068,0.10584442885138473,1.0,9.340770846134703
648000,705,7,0.009929078014184398,0.009929078014184398,0.09914883470809245,1.0,9.98570406702931
648500,704,11,0.015625,0.017045454545454544,0.1399850567585786,2.0,14.165473025270073
649000,703,4,0.005689900426742532,0.005689900426742532,0.07521652384866165,1.0,13.219304066402286
649500,702,7,0.009971509971509971,0.009971509971509971,0.0993583361394405,1.0,9.96422170998389
650000,701,14,0.019971469329529243,0.019971469329529243,0.13990214345158875,1.0,7.00510018282598
650500,700,9,0.012857142857142857,0.012857142857142857,0.11265805224081356,1.0,8.762292952063277
651000,699,6,0.008583690987124463,0.008583690987124463,0.09224972214680119,1.0,10.747092630102339
651500,698,5,0.0071633237822349575,0.008595988538681949,0.10671188796295743,2.0,18.66150107055165
652000,697,11,0.015781922525107604,0.015781922525107604,0.12463086875457101,1.0,7.897065047448727
652500,696,5,0.007183908045977011,0.007183908045977011,0.08445294258439998,1.0,11.755849607748475
653000,695,6,0.008633093525179856,0.008633093525179856,0.0925125030542648,1.0,10.716031603785673
653500,694,4,0.005763688760806916,0.005763688760806916,0.07569985900036713,1.0,13.133925536563698
654000,693,2,0.002886002886002886,0.002886002886002886,0.05364395467659771,1.0,18.587630295441105
654500,692,9,0.01300578034682081,0.01300578034682081,0.1132988527055374,1.0,8.711422896914653
655000,691,6,0.008683068017366137,0.010130246020260492,0.113674887911175,2.0,17.50491942894735
655500,690,5,0.007246376811594203,0.008695652173913044,0.10732468742941227,2.0,18.55401954127072
656000,689,9,0.013062409288824383,0.013062409288824383,0.11354198673792712,1.0,8.692269873603532
656500,688,10,0.014534883720930232,0.014534883720930232,0.11968133052464477,1.0,8.23407554009556
657000,687,4,0.005822416302765648,0.005822416302765648,0.07608229604292274,1.0,13.067134345371977
657500,686,3,0.004373177842565598,0.004373177842565598,0.06598524954959926,1.0,15.088627063675034
658000,685,6,0.008759124087591242,0.010218978102189781,0.11416767764097607,2.0,17.428584543473757
658500,684,5,0.007309941520467836,0.007309941520467836,0.08518512942665038,1.0,11.653325705565772
659000,683,6,0.008784773060029283,0.008784773060029283,0.09331452631993084,1.0,10.622303579418796
659500,682,9,0.013196480938416423,0.013196480938416423,0.1141154408012274,1.0,8.647414514048565
660000,681,7,0.010279001468428781,0.010279001468428781,0.10086299419133274,1.0,9.812528434899654
660500,680,10,0.014705882352941176,0.014705882352941176,0.1203728348804772,1.0,8.18535277187245
661000,679,8,0.011782032400589101,0.011782032400589101,0.10790373539920002,1.0,9.1583295420071
661500,678,5,0.007374631268436578,0.007374631268436578,0.0855584366505792,1.0,11.601724009818541
662000,677,4,0.005908419497784343,0.005908419497784343,0.07663882878034178,1.0,12.971121771072848
662500,676,8,0.011834319526627219,0.011834319526627219,0.1081400407248347,1.0,9.137833441248533
663000,675,4,0.005925925925925926,0.005925925925925926,0.07675160798215477,1.0,12.95183384698862
663500,674,4,0.005934718100890208,0.005934718100890208,0.07680818460263968,1.0,12.942179105544785
664000,673,9,0.01337295690936107,0.01337295690936107,0.11486566472563262,1.0,8.589399151150085
664500,672,9,0.013392857142857142,0.01488095238095238,0.1327994733173994,2.0,14.948244884032661
665000,671,9,0.013412816691505217,0.013412816691505217,0.11503439937647042,1.0,8.576453553512405
665500,670,3,0.004477611940298508,0.004477611940298508,0.06676498282491057,1.0,14.910846164230028
666000,669,5,0.007473841554559043,0.007473841554559043,0.08612771474372456,1.0,11.523888232710348
666500,668,5,0.0074850299401197605,0.0074850299401197605,0.0861916716795496,1.0,11.515207336387824
667000,667,11,0.01649175412293853,0.01649175412293853,0.12735688504704828,1.0,7.722458393307382
667500,666,3,0.0045045045045045045,0.0045045045045045045,0.06696427363656984,1.0,14.866068747318506
668000,665,6,0.009022556390977444,0.009022556390977444,0.0945576536677443,1.0,10.480139948174992
668500,664,6,0.009036144578313253,0.009036144578313253,0.09462818115906631,1.0,10.472185381603339
669000,663,6,0.00904977375565611,0.010558069381598794,0.1160309777792875,2.0,17.1457826926417
669500,662,10,0.015105740181268883,0.015105740181268883,0.12197359056305951,1.0,8.07465169527454
670000,661,7,0.01059001512859304,0.01059001512859304,0.10236145128010452,1.0,9.665845613735584
670500,660,13,0.019696969696969695,0.019696969696969695,0.13895682452375757,1.0,7.054731091206154
671000,659,6,0.009104704097116844,0.009104704097116844,0.09498320093795948,1.0,10.432321569685884
671500,658,5,0.007598784194528876,0.007598784194528876,0.08683917706481248,1.0,11.428035701729323
672000,657,7,0.0106544901065449,0.0136986301369863,0.13999734901146932,2.0,14.188135588912369
672500,656,10,0.01524390243902439,0.01676829268292683,0.13977087511792793,2.0,14.189162839853255
673000,655,5,0.007633587786259542,0.00916030534351145,0.11013550410303166,2.0,18.07627531984654
673500,654,5,0.00764525993883792,0.00764525993883792,0.08710229583257562,1.0,11.392980294900893
674000,653,8,0.01225114854517611,0.013782542113323124,0.12905568868713857,2.0,15.390390598757227
674500,652,10,0.015337423312883436,0.015337423312883436,0.1228909547485284,1.0,8.01249024960405
675000,651,8,0.01228878648233487,0.015360983102918587,0.14584038035536617,2.0,13.60829567271529
675500,650,6,0.009230769230769232,0.009230769230769232,0.09563243241796957,1.0,10.360180178613367
676000,649,1,0.0015408320493066256,0.0015408320493066256,0.03922318046643407,1.0,25.45584412271571
676500,648,10,0.015432098765432098,0.015432098765432098,0.12326373794886332,1.0,7.987490219086344
677000,647,5,0.0077279752704791345,0.0077279752704791345,0.08756856552837895,1.0,11.331372379372235
677500,646,4,0.006191950464396285,0.006191950464396285,0.07844495021250729,1.0,12.668859459319927
678000,645,7,0.010852713178294573,0.010852713178294573,0.10360951594792944,1.0,9.54687682663064
678500,644,6,0.009316770186335404,0.009316770186335404,0.0960727223494287,1.0,10.311805532172013
679000,643,9,0.013996889580093312,0.013996889580093312,0.11747755812143862,1.0,8.393118874676114
679500,642,9,0.014018691588785047,0.018691588785046728,0.1663971384557463,2.0,11.907106273596687
680000,641,7,0.0109204368174727,0.0109204368174727,0.10392872979685784,1.0,9.516902257112267
680500,640,8,0.0125,0.0125,0.11110243021644486,1.0,8.888194417315589
681000,639,9,0.014084507042253521,0.014084507042253521,0.11783944035691205,1.0,8.366600265340756
681500,638,5,0.007836990595611285,0.009404388714733543,0.11158289486243063,2.0,17.83961254759926
682000,637,7,0.01098901098901099,0.01098901098901099,0.10425091187368284,1.0,9.486832980505138
682500,636,9,0.014150943396226415,0.014150943396226415,0.11811305684480108,1.0,8.34665601703261
683000,635,8,0.012598425196850394,0.012598425196850394,0.11153342494252455,1.0,8.852965604812887
683500,634,6,0.00946372239747634,0.00946372239747634,0.09682024765440257,1.0,10.23067283548187
684000,633,6,0.009478672985781991,0.009478672985781991,0.09689596350834537,1.0,10.222524150130436
684500,632,4,0.006329113924050633,0.006329113924050633,0.0793035701654536,1.0,12.529964086141666
685000,631,9,0.014263074484944533,0.014263074484944533,0.11857334941369185,1.0,8.31330927555995
685500,630,3,0.004761904761904762,0.004761904761904762,0.06884205854667125,1.0,14.456832294800959
686000,629,11,0.017488076311605722,0.019077901430842606,0.1479648111758719,2.0,13.387791886644054
686500,628,8,0.012738853503184714,0.012738853503184714,0.11214533032903828,1.0,8.803408430829505
687000,627,10,0.01594896331738437,0.01594896331738437,0.12527806626255492,1.0,7.8549347546621915
687500,626,4,0.006389776357827476,0.006389776357827476,0.07968028059642125,1.0,12.469963913339926
688000,625,7,0.0112,0.0112,0.10523573537539423,1.0,9.396047801374484
688500,624,7,0.011217948717948718,0.011217948717948718,0.10531906923492151,1.0,9.388442743227289
689000,623,6,0.009630818619582664,0.009630818619582664,0.09766302244093905,1.0,10.140677163450837
689500,622,7,0.011254019292604502,0.011254019292604502,0.10548633249083118,1.0,9.373214115613857
690000,621,8,0.01288244766505636,0.01288244766505636,0.11276741642519547,1.0,8.753570700005799
690500,620,3,0.004838709677419355,0.004838709677419355,0.06939233794935146,1.0,14.341083176199303
691000,619,8,0.012924071082390954,0.012924071082390954,0.11294706489789037,1.0,8.739279146474267
691500,618,6,0.009708737864077669,0.009708737864077669,0.09805344600351532,1.0,10.09950493836208
692000,617,6,0.009724473257698542,0.009724473257698542,0.09813209402412061,1.0,10.091250335480401
692500,616,4,0.006493506493506494,0.008116883116883116,0.10629088659007047,2.0,18.739923814589723
693000,615,7,0.011382113821138212,0.011382113821138212,0.10607809060357783,1.0,9.31971796017148
693500,614,5,0.008143322475570033,0.008143322475570033,0.08987218020404818,1.0,11.036303729057115
694000,613,4,0.0065252854812398045,0.0065252854812398045,0.08051525402448984,1.0,12.338962679253065
694500,612,7,0.011437908496732025,0.011437908496732025,0.10633476734329375,1.0,9.296696802013683
695000,611,4,0.006546644844517185,0.006546644844517185,0.0806460556121435,1.0,12.31868499475492
695500,610,5,0.00819672131147541,0.00819672131147541,0.09016393442622951,1.0,11.0
696000,609,5,0.008210180623973728,0.008210180623973728,0.09023731799037167,1.0,10.990905331227268
696500,608,5,0.008223684210526315,0.008223684210526315,0.09031088100850226,1.0,10.981803130633876
697000,607,4,0.006589785831960461,0.006589785831960461,0.08090958258852504,1.0,12.278029157808675
697500,606,7,0.01155115511551155,0.01155115511551155,0.10685375955486517,1.0,9.250482612892615
698000,605,8,0.013223140495867768,0.013223140495867768,0.11422910772344459,1.0,8.638576271585498
698500,604,9,0.014900662251655629,0.014900662251655629,0.1211554064667265,1.0,8.130873945100312
699000,603,4,0.006633499170812604,0.006633499170812604,0.08117570978786347,1.0,12.237238250520416
699500,602,9,0.014950166112956811,0.014950166112956811,0.12135344513507562,1.0,8.117197107923946
700000,601,5,0.008319467554076539,0.011647254575707155,0.13478564493230374,2.0,14.751962246594921
700500,600,5,0.008333333333333333,0.008333333333333333,0.09090593428863095,1.0,10.908712114635716
701000,599,5,0.008347245409015025,0.008347245409015025,0.09098114586603481,1.0,10.89954127475097
701500,598,3,0.005016722408026756,0.006688963210702341,0.09994349697313669,2.0,19.944379546025587
702000,597,0,0.0,0.0,0.0,0.0,0.0
702500,596,6,0.010067114093959731,0.010067114093959731,0.09982868980297661,1.0,9.916316520429012
703000,595,6,0.010084033613445379,0.010084033613445379,0.09991169040471831,1.0,9.907909298467901
703500,594,4,0.006734006734006734,0.006734006734006734,0.08178422761946881,1.0,12.14495780149112
704000,593,7,0.011804384485666104,0.013490725126475547,0.129156520329623,2.0,15.38063482822016
704500,592,6,0.010135135135135136,0.010135135135135136,0.10016193973225401,1.0,9.882644720249063
705000,591,6,0.01015228426395939,0.01015228426395939,0.10024577491437309,1.0,9.874208829065749
705500,590,6,0.010169491525423728,0.010169491525423728,0.10032982092846604,1.0,9.865765724632496
706000,589,5,0.008488964346349746,0.008488964346349746,0.09174367460853172,1.0,10.807404868885037
706500,588,3,0.00510204081632653,0.00510204081632653,0.07124612267229051,1.0,13.964240043768942
707000,587,6,0.010221465076660987,0.010221465076660987,0.10058323283901541,1.0,9.840392946083675
707500,586,2,0.0034129692832764505,0.0034129692832764505,0.058320844677935364,1.0,17.08800749063506
708000,585,7,0.011965811965811967,0.011965811965811967,0.10873192406009745,1.0,9.086882225022428
708500,584,8,0.0136986301369863,0.0136986301369863,0.11623673115395301,1.0,8.48528137423857
709000,583,5,0.008576329331046312,0.008576329331046312,0.09221049780936956,1.0,10.751744044572488
709500,582,5,0.00859106529209622,0.00859106529209622,0.09228899657729062,1.0,10.742439201596628
710000,581,9,0.01549053356282272,0.01721170395869191,0.1426807695426004,2.0,13.896675090817366
710500,580,2,0.0034482758620689655,0.0034482758620689655,0.05862068965517241,1.0,17.0
711000,579,4,0.0069084628670120895,0.0069084628670120895,0.08282955998812987,1.0,11.9895788082818
711500,578,6,0.010380622837370242,0.010380622837370242,0.10135514543859384,1.0,9.76387901058454
712000,577,6,0.010398613518197574,0.010398613518197574,0.10144201474289011,1.0,9.755340417774597
712500,576,8,0.013888888888888888,0.013888888888888888,0.11702985796078275,1.0,8.42614977317636
713000,575,9,0.01565217391304348,0.01565217391304348,0.12412567568734247,1.0,7.930251502246879
713500,574,3,0.005226480836236934,0.005226480836236934,0.07210523375113198,1.0,13.79613472438325
714000,573,3,0.005235602094240838,0.005235602094240838,0.07216779451356137,1.0,13.784048752090223
714500,572,4,0.006993006993006993,0.006993006993006993,0.08333129571897192,1.0,11.916375287812984
715000,571,2,0.0035026269702276708,0.0035026269702276708,0.05907925671955517,1.0,16.867127793433
715500,570,5,0.008771929824561403,0.008771929824561403,0.09324689309416359,1.0,10.63014581273465
716000,569,4,0.007029876977152899,0.007029876977152899,0.08354913408790658,1.0,11.884864324004715
716500,568,3,0.00528169014084507,0.00528169014084507,0.07248305933182712,1.0,13.7234592334926
717000,567,4,0.007054673721340388,0.007054673721340388,0.08369531229421286,1.0,11.863810517704671
717500,566,2,0.0035335689045936395,0.0035335689045936395,0.05933871245140164,1.0,16.792855623746664
718000,565,7,0.012389380530973451,0.012389380530973451,0.11061592914690084,1.0,8.928285709714139
718500,564,4,0.0070921985815602835,0.0070921985815602835,0.08391602529219314,1.0,11.832159566199232
719000,563,6,0.010657193605683837,0.010657193605683837,0.10268212030404714,1.0,9.635005621863089
719500,562,9,0.01601423487544484,0.01601423487544484,0.12552999305663537,1.0,7.838650677536565
720000,561,6,0.0106951871657754,0.0106951871657754,0.10286301637257403,1.0,9.617692030835673
720500,560,2,0.0035714285714285713,0.0035714285714285713,0.059654618173178804,1.0,16.703293088490067
721000,559,7,0.012522361359570662,0.012522361359570662,0.11120050281159251,1.0,8.88015443881146
721500,558,5,0.008960573476702509,0.008960573476702509,0.09423524605831474,1.0,10.516653460107927
722000,557,8,0.01436265709156194,0.01615798922800718,0.13959789713675944,2.0,14.21111672497823
722500,556,6,0.01079136690647482,0.01079136690647482,0.10331947206003649,1.0,9.574271077563381
723000,555,4,0.007207207207207207,0.007207207207207207,0.08458878986886849,1.0,11.7366945943055
723500,554,7,0.01263537906137184,0.01444043321299639,0.1335740072202166,2.0,14.864864864864867
724000,553,5,0.009041591320072333,0.009041591320072333,0.09465643637108427,1.0,10.469001862641921
724500,552,4,0.007246376811594203,0.007246376811594203,0.08481666601970743,1.0,11.704699910719624
725000,551,7,0.012704174228675136,0.014519056261343012,0.13393288368417489,2.0,14.824447059772039
725500,550,5,0.00909090909090909,0.01090909090909091,0.12011014229028177,2.0,16.560557428061994
726000,549,8,0.014571948998178506,0.014571948998178506,0.11983157889543553,1.0,8.223442101699264
726500,548,6,0.010948905109489052,0.010948905109489052,0.10406260897360038,1.0,9.504384952922168
727000,547,3,0.005484460694698354,0.005484460694698354,0.073853783827145,1.0,13.46600658448277
727500,546,7,0.01282051282051282,0.01282051282051282,0.11249954342810413,1.0,8.774964387392123
728000,545,7,0.012844036697247707,0.012844036697247707,0.1126013650830551,1.0,8.766820567180718
728500,544,5,0.009191176470588236,0.009191176470588236,0.09542902465012802,1.0,10.382677881933928
729000,543,11,0.020257826887661142,0.020257826887661142,0.1408809686843851,1.0,6.954396908692829
729500,542,4,0.007380073800738007,0.007380073800738007,0.08558976756268045,1.0,11.597413504743201
730000,541,5,0.009242144177449169,0.009242144177449169,0.09569078821105201,1.0,10.353743284435827
730500,540,6,0.011111111111111112,0.011111111111111112,0.1048220125784067,1.0,9.433981132056605
731000,539,4,0.0074211502782931356,0.0074211502782931356,0.08582585162315678,1.0,11.565033506220379
731500,538,4,0.007434944237918215,0.007434944237918215,0.08590498147428507,1.0,11.554220008291344
732000,537,8,0.0148975791433892,0.01675977653631285,0.14213824683248702,2.0,13.952896336205542
732500,536,1,0.0018656716417910447,0.0018656716417910447,0.043153110097837226,1.0,23.130067012440758
733000,535,7,0.013084112149532711,0.013084112149532711,0.11363502170893955,1.0,8.68496237346895
733500,534,5,0.009363295880149813,0.009363295880149813,0.09631004397471005,1.0,10.285912696499032
734000,533,5,0.009380863039399626,0.01125703564727955,0.12199450812014152,2.0,16.301905675902923
734500,532,2,0.0037593984962406013,0.0037593984962406013,0.061198573669547764,1.0,16.278820596099706
735000,531,4,0.007532956685499058,0.007532956685499058,0.08646508687946512,1.0,11.478240283248999
735500,530,4,0.007547169811320755,0.007547169811320755,0.08654599955607332,1.0,11.467344941179714
736000,529,8,0.015122873345935728,0.015122873345935728,0.12204168159976539,1.0,8.070006195784487
736500,528,1,0.001893939393939394,0.003787878787878788,0.08695636578218936,2.0,22.95648056649799
737000,527,8,0.015180265654648957,0.015180265654648957,0.12226947775018605,1.0,8.054501846793507
737500,526,3,0.005703422053231939,0.005703422053231939,0.07530533201649567,1.0,13.203534880225572
738000,525,5,0.009523809523809525,0.009523809523809525,0.09712418121129114,1.0,10.198039027185569
738500,524,3,0.0057251908396946565,0.0057251908396946565,0.07544808168233129,1.0,13.178264933847196
739000,523,2,0.0038240917782026767,0.0038240917782026767,0.06172088868668823,1.0,16.140012391568973
739500,522,1,0.0019157088122605363,0.0019157088122605363,0.043726866706947615,1.0,22.825424421026653
740000,521,4,0.007677543186180422,0.009596928982725527,0.11551449921943245,2.0,17.230763968740284
740500,520,3,0.0057692307692307696,0.0057692307692307696,0.075736033336597,1.0,13.12757911167681
741000,519,7,0.01348747591522158,0.01348747591522158,0.11534974602771303,1.0,8.55235974119758
741500,518,2,0.003861003861003861,0.003861003861003861,0.06201690503555603,1.0,16.06237840420901
742000,517,7,0.013539651837524178,0.013539651837524178,0.11556958797903022,1.0,8.535639569308374
742500,516,7,0.013565891472868217,0.013565891472868217,0.11567998124746813,1.0,8.52726718909908
743000,515,3,0.005825242718446602,0.007766990291262136,0.10765760214080863,2.0,18.505270135062418
743500,514,5,0.009727626459143969,0.009727626459143969,0.09814784634731082,1.0,10.08959860450355
744000,513,5,0.009746588693957114,0.009746588693957114,0.09824251983122145,1.0,10.079682534683322
744500,512,3,0.005859375,0.005859375,0.07632196751007782,1.0,13.025615788386617
745000,511,5,0.009784735812133072,0.009784735812133072,0.09843269150653065,1.0,10.059821071967434
745500,510,10,0.0196078431372549,0.0196078431372549,0.1386483884679505,1.0,7.071067811865475
746000,509,0,0.0,0.0,0.0,0.0,0.0
746500,508,3,0.005905511811023622,0.005905511811023622,0.07662008053554552,1.0,12.974333637352377
747000,507,1,0.0019723865877712033,0.0019723865877712033,0.044367739168449674,1.0,22.494443758403985
747500,506,7,0.01383399209486166,0.01383399209486166,0.11680159569792258,1.0,8.443086774735546
748000,505,3,0.005940594059405941,0.005940594059405941,0.07684597192844457,1.0,12.935738607954837
748500,504,6,0.011904761904761904,0.011904761904761904,0.10845754260886069,1.0,9.110433579144301
749000,503,5,0.009940357852882704,0.009940357852882704,0.09920457216600119,1.0,9.979979959899719
749500,502,0,0.0,0.0,0.0,0.0,0.0
750000,501,2,0.003992015968063872,0.003992015968063872,0.06305616366838848,1.0,15.795568998931314
750500,500,5,0.01,0.01,0.099498743710662,1.0,9.9498743710662
751000,499,2,0.004008016032064128,0.004008016032064128,0.06318189487148075,1.0,15.763882770434446
751500,498,4,0.008032128514056224,0.008032128514056224,0.0892614890397304,1.0,11.113055385446435
752000,497,3,0.006036217303822937,0.006036217303822937,0.07745825575420587,1.0,12.832251036613437
752500,496,4,0.008064516129032258,0.008064516129032258,0.08943981053555981,1.0,11.090536506409418
753000,495,3,0.006060606060606061,0.006060606060606061,0.07761362712039817,1.0,12.806248474865697
753500,494,3,0.006072874493927126,0.006072874493927126,0.07769166422022465,1.0,12.793227374930325
754000,493,5,0.010141987829614604,0.010141987829614604,0.10019544856169142,1.0,9.879271228182777
754500,492,3,0.006097560975609756,0.006097560975609756,0.07784844716343722,1.0,12.767145334803704
755000,491,6,0.012219959266802444,0.014256619144602852,0.13463538803289946,2.0,14.74904488239126
755500,490,1,0.0020408163265306124,0.0020408163265306124,0.04512927426019588,1.0,22.113344387495978
756000,489,5,0.010224948875255624,0.012269938650306749,0.12731601158505834,2.0,15.612569358738622
756500,488,4,0.00819672131147541,0.010245901639344262,0.11932847017656285,2.0,16.674596560372738
757000,487,4,0.008213552361396304,0.008213552361396304,0.09025569189254995,1.0,10.988630487917954
757500,486,4,0.00823045267489712,0.00823045267489712,0.0903477300415644,1.0,10.977249200050075
758000,485,1,0.002061855670103093,0.002061855670103093,0.04536082474226804,1.0,22.0
758500,484,7,0.014462809917355372,0.014462809917355372,0.11938859680325345,1.0,8.254868693253524
759000,483,2,0.004140786749482402,0.004140786749482402,0.06421557937586263,1.0,15.508062419270821
759500,482,3,0.006224066390041493,0.006224066390041493,0.07864685236939778,1.0,12.635927614016579
760000,481,7,0.014553014553014554,0.014553014553014554,0.11975485092652531,1.0,8.228869042236953
760500,480,3,0.00625,0.00625,0.07880950133074058,1.0,12.609520212918492
761000,479,2,0.0041753653444676405,0.0041753653444676405,0.06448202593520042,1.0,15.443445211480501
761500,478,5,0.010460251046025104,0.010460251046025104,0.10173904950450066,1.0,9.726253132630262
762000,477,7,0.014675052410901468,0.014675052410901468,0.12024847295345902,1.0,8.194074514114277
762500,476,5,0.01050420168067227,0.01050420168067227,0.10195029881135234,1.0,9.705668446840743
763000,475,6,0.01263157894736842,0.01263157894736842,0.11167820808315658,1.0,8.841191473249896
763500,474,2,0.004219409282700422,0.004219409282700422,0.06481979534066336,1.0,15.362291495737217
764000,473,3,0.006342494714587738,0.006342494714587738,0.07938682179923293,1.0,12.516655570345726
764500,472,7,0.014830508474576272,0.014830508474576272,0.12087416801352467,1.0,8.150372471769094
765000,471,3,0.006369426751592357,0.006369426751592357,0.07955411462927896,1.0,12.489995996796797
765500,470,2,0.00425531914893617,0.00425531914893617,0.06509386613097172,1.0,15.297058540778355
766000,469,5,0.010660980810234541,0.01279317697228145,0.1299765514211358,2.0,15.288964057747528
766500,468,6,0.01282051282051282,0.01282051282051282,0.11249954342810413,1.0,8.774964387392123
767000,467,5,0.010706638115631691,0.010706638115631691,0.1029174718689329,1.0,9.612491872558333
767500,466,3,0.006437768240343348,0.008583690987124463,0.11314529035591474,2.0,17.600523210012454
768000,465,6,0.012903225806451613,0.012903225806451613,0.11285713344861872,1.0,8.74642784226795
768500,464,5,0.010775862068965518,0.010775862068965518,0.10324603075003004,1.0,9.581231653602787
769000,463,3,0.0064794816414686825,0.0064794816414686825,0.08023401996115209,1.0,12.382783747337806
769500,462,3,0.006493506493506494,0.006493506493506494,0.0803202394600843,1.0,12.36931687685298
770000,461,3,0.006507592190889371,0.008676789587852495,0.11375367116812923,2.0,17.505573138549074
770500,460,5,0.010869565217391304,0.010869565217391304,0.1036890436322767,1.0,9.539392014169456
771000,459,2,0.004357298474945534,0.004357298474945534,0.06586586691865348,1.0,15.116216457830975
771500,458,1,0.002183406113537118,0.002183406113537118,0.04667589154242784,1.0,21.37755832643195
772000,457,6,0.01312910284463895,0.01312910284463895,0.11382763066643284,1.0,8.669871202426636
772500,456,6,0.013157894736842105,0.013157894736842105,0.11395071102426824,1.0,8.660254037844387
773000,455,5,0.01098901098901099,0.01098901098901099,0.10425091187368284,1.0,9.486832980505138
773500,454,3,0.006607929515418502,0.006607929515418502,0.0810201504746675,1.0,12.261049438499679
774000,453,2,0.004415011037527594,0.004415011037527594,0.06629870824583314,1.0,15.016657417681206
774500,452,3,0.00663716814159292,0.00663716814159292,0.08119800576771048,1.0,12.233832869001713
775000,451,1,0.0022172949002217295,0.0022172949002217295,0.04703592779511403,1.0,21.213203435596427
775500,450,2,0.0044444444444444444,0.0044444444444444444,0.06651835354264785,1.0,14.966629547095765
776000,449,4,0.008908685968819599,0.008908685968819599,0.09396446819478389,1.0,10.547511554864496
776500,448,1,0.002232142857142857,0.002232142857142857,0.04719280024970083,1.0,21.142374511865977
777000,447,3,0.006711409395973154,0.006711409395973154,0.08164781919863383,1.0,12.165525060596439
777500,446,7,0.01569506726457399,0.01569506726457399,0.12429292871332016,1.0,7.919235172305828
778000,445,4,0.008988764044943821,0.008988764044943821,0.09438202247191012,1.0,10.499999999999998
778500,444,2,0.0045045045045045045,0.0045045045045045045,0.06696427363656984,1.0,14.866068747318506
779000,443,10,0.022573363431151242,0.022573363431151242,0.14853890633284064,1.0,6.58027355054484
779500,442,4,0.00904977375565611,0.00904977375565611,0.09469886668079797,1.0,10.464224768228174
780000,441,1,0.0022675736961451248,0.0022675736961451248,0.047565027127898035,1.0,20.976176963403027
780500,440,3,0.006818181818181818,0.006818181818181818,0.08229030450105305,1.0,12.069244660154448
781000,439,2,0.004555808656036446,0.00683371298405467,0.1065026854447468,2.0,18.714704504329074
781500,438,1,0.00228310502283105,0.00228310502283105,0.04772727159901112,1.0,20.904544960366874
782000,437,5,0.011441647597254004,0.011441647597254004,0.10635194543361327,1.0,9.2951600308978
782500,436,1,0.0022935779816513763,0.0022935779816513763,0.047836361501408735,1.0,20.85665361461421
783000,435,2,0.004597701149425287,0.004597701149425287,0.06765029411292948,1.0,14.713938969562161
783500,434,3,0.0069124423963133645,0.0069124423963133645,0.08285324698785808,1.0,11.986103064243467
784000,433,2,0.004618937644341801,0.004618937644341801,0.06780562704805172,1.0,14.679918255903198
784500,432,4,0.009259259259259259,0.009259259259259259,0.09577852252582036,1.0,10.344080432788601
785000,431,2,0.004640371229698376,0.004640371229698376,0.06796203487645851,1.0,14.645818515876812
785500,430,1,0.002325581395348837,0.002325581395348837,0.04816817483071623,1.0,20.712315177207977
786000,429,3,0.006993006993006993,0.009324009324009324,0.11789434607367638,2.0,16.885254102278548
786500,428,2,0.004672897196261682,0.004672897196261682,0.06819868934264683,1.0,14.594519519326427
787000,427,4,0.00936768149882904,0.00936768149882904,0.09633238314380858,1.0,10.283481900601567
787500,426,3,0.007042253521126761,0.007042253521126761,0.08362212737350647,1.0,11.874342087037917
788000,425,3,0.007058823529411765,0.007058823529411765,0.08371974999838681,1.0,11.86029791643813
788500,424,6,0.014150943396226415,0.014150943396226415,0.11811305684480108,1.0,8.34665601703261
789000,423,1,0.002364066193853428,0.002364066193853428,0.048564157409395126,1.0,20.542638584174135
789500,422,6,0.014218009478672985,0.016587677725118485,0.14509260203641358,2.0,13.669975549663855
790000,421,4,0.009501187648456057,0.009501187648456057,0.09700987105302677,1.0,10.21028892833107
790500,420,1,0.002380952380952381,0.002380952380952381,0.04873687973918743,1.0,20.46948949045872
791000,419,8,0.01909307875894988,0.01909307875894988,0.1368522309005389,1.0,7.167635593415726
791500,418,5,0.011961722488038277,0.011961722488038277,0.10871356715312692,1.0,9.08845421400141
792000,417,2,0.004796163069544364,0.004796163069544364,0.06908805894910279,1.0,14.404860290887935
792500,416,4,0.009615384615384616,0.009615384615384616,0.09758549581819442,1.0,10.14889156509222
793000,415,4,0.00963855421686747,0.00963855421686747,0.09770185509741346,1.0,10.136567466356647
793500,414,5,0.012077294685990338,0.012077294685990338,0.10923110197676342,1.0,9.04433524367601
794000,413,2,0.004842615012106538,0.004842615012106538,0.06942019945196828,1.0,14.33527118683145
794500,412,1,0.0024271844660194173,0.0024271844660194173,0.04920663818619731,1.0,20.273134932713294
795000,411,5,0.012165450121654502,0.012165450121654502,0.10962413942646043,1.0,9.01110426085505
795500,410,3,0.007317073170731708,0.007317073170731708,0.08522636687637146,1.0,11.647603473104098
796000,409,6,0.014669926650366748,0.014669926650366748,0.1202277834048337,1.0,8.195527235429498
796500,408,3,0.007352941176470588,0.007352941176470588,0.08543345616634007,1.0,11.618950038622252
797000,407,1,0.002457002457002457,0.002457002457002457,0.0495072277140292,1.0,20.149441679609886
797500,406,1,0.0024630541871921183,0.0024630541871921183,0.04956800935344362,1.0,20.124611797498105
798000,405,0,0.0,0.0,0.0,0.0,0.0
798500,404,3,0.007425742574257425,0.007425742574257425,0.08585220394071597,1.0,11.561430130683084
799000,403,5,0.01240694789081886,0.01240694789081886,0.11069334006548617,1.0,8.921883209278183
799500,402,3,0.007462686567164179,0.007462686567164179,0.08606389996022983,1.0,11.532562594670795
800000,401,3,0.007481296758104738,0.007481296758104738,0.0861703368736708,1.0,11.51810169544733
800500,400,1,0.0025,0.0025,0.04993746088859544,1.0,19.97498435543818
801000,399,6,0.015037593984962405,0.015037593984962405,0.12170236132510259,1.0,8.093207028119323
801500,398,4,0.010050251256281407,0.010050251256281407,0.09974589568482015,1.0,9.924716620639602
802000,397,3,0.007556675062972292,0.007556675062972292,0.08660006769607599,1.0,11.460075625114056
802500,396,1,0.0025252525252525255,0.0025252525252525255,0.05018840129886816,1.0,19.87460691435179
803000,395,1,0.002531645569620253,0.002531645569620253,0.05025172972475749,1.0,19.849433241279208
803500,394,3,0.007614213197969543,0.007614213197969543,0.08692661822103405,1.0,11.416362526362473
804000,393,3,0.007633587786259542,0.007633587786259542,0.0870362919923006,1.0,11.401754250991381
804500,392,1,0.002551020408163265,0.002551020408163265,0.050443163095115276,1.0,19.77371993328519
805000,391,0,0.0,0.0,0.0,0.0,0.0
805500,390,5,0.01282051282051282,0.01282051282051282,0.11249954342810413,1.0,8.774964387392123
806000,389,3,0.007712082262210797,0.007712082262210797,0.08747917494690774,1.0,11.343133018115704
806500,388,0,0.0,0.0,0.0,0.0,0.0
807000,387,2,0.00516795865633075,0.00516795865633075,0.0717025164109127,1.0,13.874436925511608
807500,386,1,0.0025906735751295338,0.0025906735751295338,0.050832686192612914,1.0,19.621416870348583
808000,385,1,0.0025974025974025974,0.0025974025974025974,0.05089848816172838,1.0,19.595917942265423
808500,384,0,0.0,0.0,0.0,0.0,0.0
809000,383,0,0.0,0.0,0.0,0.0,0.0
809500,382,3,0.007853403141361256,0.007853403141361256,0.0882707607334417,1.0,11.239810200058244
810000,381,1,0.0026246719160104987,0.0026246719160104987,0.051164274775900076,1.0,19.493588689617926
810500,380,4,0.010526315789473684,0.010526315789473684,0.10205641805087008,1.0,9.695359714832659
811000,379,1,0.002638522427440633,0.002638522427440633,0.05129873903752923,1.0,19.44222209522358
811500,378,3,0.007936507936507936,0.007936507936507936,0.08873285624999165,1.0,11.180339887498949
812000,377,3,0.007957559681697613,0.007957559681697613,0.08884951843206486,1.0,11.16542281629615
812500,376,2,0.005319148936170213,0.005319148936170213,0.07273826771902842,1.0,13.674794331177344
813000,375,4,0.010666666666666666,0.010666666666666666,0.10272725484937718,1.0,9.630680142129112
813500,374,0,0.0,0.0,0.0,0.0,0.0
814000,373,2,0.005361930294906166,0.005361930294906166,0.0730286245140817,1.0,13.619838471876236
814500,372,4,0.010752688172043012,0.010752688172043012,0.10313616179167139,1.0,9.59166304662544
815000,371,2,0.005390835579514825,0.005390835579514825,0.07322413858332143,1.0,13.583077707206126
815500,370,1,0.002702702702702703,0.002702702702702703,0.05191722354675283,1.0,19.209372712298546
816000,369,1,0.0027100271002710027,0.0027100271002710027,0.051987333586045736,1.0,19.18332609325088
816500,368,2,0.005434782608695652,0.008152173913043478,0.11627767877899277,2.0,17.13009622313524
817000,367,3,0.008174386920980926,0.008174386920980926,0.09004202529623054,1.0,11.015141094572206
817500,366,1,0.00273224043715847,0.00273224043715847,0.05219938025831366,1.0,19.104973174542803
818000,365,3,0.00821917808219178,0.00821917808219178,0.09028634001799496,1.0,10.984838035522722
818500,364,0,0.0,0.0,0.0,0.0,0.0
819000,363,6,0.01652892561983471,0.01652892561983471,0.12749792248381414,1.0,7.713624310270758
819500,362,4,0.011049723756906077,0.011049723756906077,0.1045352924222348,1.0,9.460443964212251
820000,361,2,0.00554016620498615,0.00554016620498615,0.07422582275332001,1.0,13.397761006974262
820500,360,3,0.008333333333333333,0.008333333333333333,0.09090593428863095,1.0,10.908712114635716
821000,359,4,0.011142061281337047,0.011142061281337047,0.10496626006360318,1.0,9.420721840708385
821500,358,1,0.002793296089385475,0.002793296089385475,0.05277777549634409,1.0,18.894443627691185
822000,357,1,0.0028011204481792717,0.0028011204481792717,0.052851434913482376,1.0,18.867962264113206
822500,356,1,0.0028089887640449437,0.0028089887640449437,0.05292540359948531,1.0,18.841443681416774
823000,355,4,0.011267605633802818,0.011267605633802818,0.10554926194476166,1.0,9.367496997597597
823500,354,4,0.011299435028248588,0.011299435028248588,0.10569653634954637,1.0,9.354143466934852
824000,353,2,0.0056657223796034,0.0056657223796034,0.07505745778748879,1.0,13.24764129949177
824500,352,3,0.008522727272727272,0.008522727272727272,0.09192437322365589,1.0,10.785793124908958
825000,351,1,0.002849002849002849,0.002849002849002849,0.05329996277455757,1.0,18.708286933869708
825500,350,1,0.002857142857142857,0.002857142857142857,0.05337583340648401,1.0,18.681541692269406
826000,349,1,0.0028653295128939827,0.0028653295128939827,0.05345202895752903,1.0,18.65475810617763
826500,348,0,0.0,0.0,0.0,0.0,0.0
827000,347,2,0.005763688760806916,0.005763688760806916,0.07569985900036713,1.0,13.133925536563698
827500,346,2,0.005780346820809248,0.005780346820809248,0.07580853785320232,1.0,13.114877048604
828000,345,2,0.005797101449275362,0.005797101449275362,0.07591768610845678,1.0,13.095800853708795
828500,344,2,0.005813953488372093,0.005813953488372093,0.07602730715477919,1.0,13.076696830622021
829000,343,2,0.0058309037900874635,0.0058309037900874635,0.07613740441516381,1.0,13.057564857200598
829500,342,2,0.005847953216374269,0.005847953216374269,0.0762479813473994,1.0,13.0384048104053
830000,341,3,0.008797653958944282,0.008797653958944282,0.09338230690962263,1.0,10.614455552060438
830500,340,1,0.0029411764705882353,0.0029411764705882353,0.05415280188094697,1.0,18.411952639521967
831000,339,1,0.0029498525073746312,0.0029498525073746312,0.05423237849808329,1.0,18.384776310850235
831500,338,1,0.0029585798816568047,0.0029585798816568047,0.054312306954691775,1.0,18.35755975068582
832000,337,1,0.002967359050445104,0.002967359050445104,0.0543925898511079,1.0,18.33030277982336
832500,336,2,0.005952380952380952,0.005952380952380952,0.07692171418642908,1.0,12.922847983320086
833000,335,4,0.011940298507462687,0.011940298507462687,0.1086173456636433,1.0,9.096702699330125
833500,334,0,0.0,0.0,0.0,0.0,0.0
834000,333,2,0.006006006006006006,0.006006006006006006,0.07726534732894058,1.0,12.864680330268607
834500,332,2,0.006024096385542169,0.006024096385542169,0.07738091914858511,1.0,12.845232578665131
835000,331,3,0.00906344410876133,0.00906344410876133,0.09476971082391615,1.0,10.456258094238747
835500,330,0,0.0,0.0,0.0,0.0,0.0
836000,329,1,0.00303951367781155,0.00303951367781155,0.05504793397044022,1.0,18.110770276274835
836500,328,0,0.0,0.0,0.0,0.0,0.0
837000,327,3,0.009174311926605505,0.009174311926605505,0.09534224628819508,1.0,10.392304845413264
837500,326,4,0.012269938650306749,0.012269938650306749,0.11008808861918012,1.0,8.972179222463181
838000,325,2,0.006153846153846154,0.006153846153846154,0.07820470785931591,1.0,12.708265027138834
838500,324,0,0.0,0.0,0.0,0.0,0.0
839000,323,2,0.006191950464396285,0.006191950464396285,0.07844495021250729,1.0,12.668859459319927
839500,322,1,0.003105590062111801,0.003105590062111801,0.05564122008437552,1.0,17.916472867168917
840000,321,0,0.0,0.0,0.0,0.0,0.0
840500,320,2,0.00625,0.00625,0.07880950133074058,1.0,12.609520212918492
841000,319,1,0.003134796238244514,0.003134796238244514,0.05590142476528843,1.0,17.832554500127006
841500,318,0,0.0,0.0,0.0,0.0,0.0
842000,317,2,0.006309148264984227,0.006309148264984227,0.0791791823218368,1.0,12.549900398011134
842500,316,1,0.0031645569620253164,0.0031645569620253164,0.05616531439651534,1.0,17.74823934929885
843000,315,2,0.006349206349206349,0.006349206349206349,0.07942854605204319,1.0,12.509996003196806
843500,314,3,0.009554140127388535,0.009554140127388535,0.09727722515478512,1.0,10.181682899534175
844000,313,1,0.003194888178913738,0.003194888178913738,0.05643297678164758,1.0,17.663521732655692
844500,312,4,0.01282051282051282,0.01282051282051282,0.11249954342810413,1.0,8.774964387392123
845000,311,1,0.003215434083601286,0.003215434083601286,0.05661355904070421,1.0,17.60681686165901
845500,310,1,0.0032258064516129032,0.0032258064516129032,0.05670450268144176,1.0,17.578395831246947
846000,309,1,0.003236245954692557,0.003236245954692557,0.05679588600253801,1.0,17.549928774784245
846500,308,3,0.00974025974025974,0.00974025974025974,0.09821093157307904,1.0,10.082988974836116
847000,307,4,0.013029315960912053,0.013029315960912053,0.11339996863536946,1.0,8.703447592764604
847500,306,1,0.0032679738562091504,0.0032679738562091504,0.05707270979272216,1.0,17.464249196572982
848000,305,4,0.013114754098360656,0.013114754098360656,0.1137662398222785,1.0,8.674675786448738
848500,304,0,0.0,0.0,0.0,0.0,0.0
849000,303,0,0.0,0.0,0.0,0.0,0.0
849500,302,0,0.0,0.0,0.0,0.0,0.0
850000,301,3,0.009966777408637873,0.009966777408637873,0.09933499260947544,1.0,9.966610925150702
850500,300,2,0.006666666666666667,0.006666666666666667,0.08137703743822469,1.0,12.206555615733702
851000,299,2,0.006688963210702341,0.006688963210702341,0.08151209101641432,1.0,12.18605760695394
851500,298,1,0.003355704697986577,0.003355704697986577,0.057831167582597605,1.0,17.233687939614086
852000,297,2,0.006734006734006734,0.006734006734006734,0.08178422761946881,1.0,12.14495780149112
852500,296,4,0.013513513513513514,0.013513513513513514,0.11545951007185853,1.0,8.54400374531753
853000,295,2,0.006779661016949152,0.010169491525423728,0.1297911167395027,2.0,15.331022326190984
853500,294,2,0.006802721088435374,0.006802721088435374,0.08219759165710593,1.0,12.083045973594572
854000,293,2,0.006825938566552901,0.006825938566552901,0.08233677871545951,1.0,12.062338081814818
854500,292,0,0.0,0.0,0.0,0.0,0.0
855000,291,0,0.0,0.0,0.0,0.0,0.0
855500,290,0,0.0,0.0,0.0,0.0,0.0
856000,289,1,0.0034602076124567475,0.0034602076124567475,0.058721670409955504,1.0,16.97056274847714
856500,288,2,0.006944444444444444,0.006944444444444444,0.0830434773826486,1.0,11.958260743101398
857000,287,1,0.003484320557491289,0.003484320557491289,0.058925207405183845,1.0,16.911534525287763
857500,286,0,0.0,0.0,0.0,0.0,0.0
858000,285,1,0.0035087719298245615,0.0035087719298245615,0.05913087560123761,1.0,16.852299546352715
858500,284,1,0.0035211267605633804,0.0035211267605633804,0.05923452056781944,1.0,16.822603841260722
859000,283,0,0.0,0.0,0.0,0.0,0.0
859500,282,1,0.0035460992907801418,0.0035460992907801418,0.059443456078865996,1.0,16.76305461424021
860000,281,3,0.010676156583629894,0.010676156583629894,0.10277244895511495,1.0,9.626352718795768
860500,280,0,0.0,0.0,0.0,0.0,0.0
861000,279,0,0.0,0.0,0.0,0.0,0.0
861500,278,1,0.0035971223021582736,0.0035971223021582736,0.05986804668019151,1.0,16.64331697709324
862000,277,0,0.0,0.0,0.0,0.0,0.0
862500,276,1,0.0036231884057971015,0.0036231884057971015,0.060083782433974636,1.0,16.583123951776997
863000,275,0,0.0,0.0,0.0,0.0,0.0
863500,274,2,0.0072992700729927005,0.010948905109489052,0.1346413631072753,2.0,14.772957202652035
864000,273,2,0.007326007326007326,0.007326007326007326,0.08527799799870195,1.0,11.640446726822816
864500,272,1,0.003676470588235294,0.003676470588235294,0.06052234423953797,1.0,16.462077633154326
865000,271,1,0.0036900369003690036,0.0036900369003690036,0.060633493450756394,1.0,16.431676725154986
865500,270,0,0.0,0.0,0.0,0.0,0.0
866000,269,0,0.0,0.0,0.0,0.0,0.0
866500,268,0,0.0,0.0,0.0,0.0,0.0
867000,267,1,0.003745318352059925,0.003745318352059925,0.06108429374644229,1.0,16.30950643030009
867500,266,2,0.007518796992481203,0.007518796992481203,0.08638440069981998,1.0,11.489125293076057
868000,265,2,0.007547169811320755,0.007547169811320755,0.08654599955607332,1.0,11.467344941179714
868500,264,1,0.003787878787878788,0.003787878787878788,0.06142907098570779,1.0,16.217274740226852
869000,263,1,0.0038022813688212928,0.0038022813688212928,0.06154530059406329,1.0,16.186414056238647
869500,262,1,0.003816793893129771,0.003816793893129771,0.061662192448105,1.0,16.155494421403514
870000,261,2,0.007662835249042145,0.007662835249042145,0.08720158372981641,1.0,11.379806676741042
870500,260,0,0.0,0.0,0.0,0.0,0.0
871000,259,1,0.003861003861003861,0.003861003861003861,0.06201690503555603,1.0,16.06237840420901
871500,258,1,0.003875968992248062,0.003875968992248062,0.062136509852253476,1.0,16.0312195418814
872000,257,1,0.0038910505836575876,0.0038910505836575876,0.0622568093385214,1.0,16.0
872500,256,1,0.00390625,0.00390625,0.06237781024480981,1.0,15.968719422671313
873000,255,3,0.011764705882352941,0.01568627450980392,0.15258883496740172,2.0,13.004317949698708
873500,254,1,0.003937007874015748,0.003937007874015748,0.06262194378183805,1.0,15.905973720586868
874000,253,0,0.0,0.0,0.0,0.0,0.0
874500,252,0,0.0,0.0,0.0,0.0,0.0
875000,251,0,0.0,0.0,0.0,0.0,0.0
875500,250,0,0.0,0.0,0.0,0.0,0.0
876000,249,1,0.004016064257028112,0.004016064257028112,0.0632450431647535,1.0,15.74801574802362
876500,248,1,0.004032258064516129,0.004032258064516129,0.063371909860894,1.0,15.71623364550171
877000,247,1,0.004048582995951417,0.004048582995951417,0.06349954308242155,1.0,15.68438714135812
877500,246,1,0.0040650406504065045,0.0040650406504065045,0.06362795057926232,1.0,15.652475842498525
878000,245,1,0.004081632653061225,0.004081632653061225,0.06375714021148289,1.0,15.620499351813308
878500,244,1,0.004098360655737705,0.00819672131147541,0.1277742399026221,2.0,15.588457268119896
879000,243,1,0.00411522633744856,0.00411522633744856,0.06401789788520183,1.0,15.556349186104047
879500,242,2,0.008264462809917356,0.008264462809917356,0.09053265413308531,1.0,10.954451150103322
880000,241,2,0.008298755186721992,0.008298755186721992,0.09071871829491886,1.0,10.931605554537724
880500,240,2,0.008333333333333333,0.008333333333333333,0.09090593428863095,1.0,10.908712114635716
881000,239,2,0.008368200836820083,0.008368200836820083,0.0910943140463483,1.0,10.88577052853862
881500,238,1,0.004201680672268907,0.004201680672268907,0.06468405175773383,1.0,15.394804318340654
882000,237,3,0.012658227848101266,0.012658227848101266,0.1117944413459221,1.0,8.831760866327848
882500,236,0,0.0,0.0,0.0,0.0,0.0
883000,235,1,0.00425531914893617,0.00425531914893617,0.06509386613097172,1.0,15.297058540778355
883500,234,0,0.0,0.0,0.0,0.0,0.0
884000,233,3,0.012875536480686695,0.012875536480686695,0.11273755825376564,1.0,8.755950357709132
884500,232,2,0.008620689655172414,0.008620689655172414,0.0924465973686518,1.0,10.72380529476361
885000,231,2,0.008658008658008658,0.008658008658008658,0.09264473835079089,1.0,10.70046727951635
885500,230,1,0.004347826086956522,0.004347826086956522,0.0657945476105285,1.0,15.132745950421558
886000,229,1,0.004366812227074236,0.004366812227074236,0.06593741864865284,1.0,15.0996688705415
886500,228,0,0.0,0.0,0.0,0.0,0.0
887000,227,0,0.0,0.0,0.0,0.0,0.0
887500,226,0,0.0,0.0,0.0,0.0,0.0
888000,225,2,0.008888888888888889,0.008888888888888889,0.09386094258641278,1.0,10.559356040971439
888500,224,0,0.0,0.0,0.0,0.0,0.0
889000,223,1,0.004484304932735426,0.004484304932735426,0.06681463868049928,1.0,14.89966442575134
889500,222,0,0.0,0.0,0.0,0.0,0.0
890000,221,1,0.004524886877828055,0.004524886877828055,0.06711491843525487,1.0,14.832396974191326
890500,220,3,0.013636363636363636,0.013636363636363636,0.11597591656520975,1.0,8.504900548115383
891000,219,0,0.0,0.0,0.0,0.0,0.0
891500,218,2,0.009174311926605505,0.013761467889908258,0.15081910296122567,2.0,13.16967475015905
892000,217,0,0.0,0.0,0.0,0.0,0.0
892500,216,0,0.0,0.0,0.0,0.0,0.0
893000,215,3,0.013953488372093023,0.013953488372093023,0.11729786244575341,1.0,8.406346808612328
893500,214,0,0.0,0.0,0.0,0.0,0.0
894000,213,2,0.009389671361502348,0.009389671361502348,0.09644431260175651,1.0,10.27131929208707
894500,212,1,0.0047169811320754715,0.0047169811320754715,0.06851810870912241,1.0,14.52583904633395
895000,211,0,0.0,0.0,0.0,0.0,0.0
895500,210,0,0.0,0.0,0.0,0.0,0.0
896000,209,0,0.0,0.0,0.0,0.0,0.0
896500,208,1,0.004807692307692308,0.004807692307692308,0.06917064697085654,1.0,14.387494569938157
897000,207,1,0.004830917874396135,0.004830917874396135,0.06933671543191944,1.0,14.352700094407323
897500,206,2,0.009708737864077669,0.009708737864077669,0.09805344600351532,1.0,10.09950493836208
898000,205,0,0.0,0.0,0.0,0.0,0.0
898500,204,0,0.0,0.0,0.0,0.0,0.0
899000,203,1,0.0049261083743842365,0.0049261083743842365,0.07001315469729998,1.0,14.212670403551895
899500,202,1,0.0049504950495049506,0.0049504950495049506,0.07018538058791003,1.0,14.177446878757824
900000,201,0,0.0,0.0,0.0,0.0,0.0
900500,200,0,0.0,0.0,0.0,0.0,0.0
901000,199,1,0.005025125628140704,0.005025125628140704,0.0707097853239713,1.0,14.071247279470287
901500,198,1,0.005050505050505051,0.005050505050505051,0.07088721640211212,1.0,14.035668847618199
902000,197,2,0.01015228426395939,0.01015228426395939,0.10024577491437309,1.0,9.874208829065749
902500,196,0,0.0,0.0,0.0,0.0,0.0
903000,195,0,0.0,0.0,0.0,0.0,0.0
903500,194,0,0.0,0.0,0.0,0.0,0.0
904000,193,0,0.0,0.0,0.0,0.0,0.0
904500,192,0,0.0,0.0,0.0,0.0,0.0
905000,191,1,0.005235602094240838,0.005235602094240838,0.07216779451356137,1.0,13.784048752090223
905500,190,2,0.010526315789473684,0.010526315789473684,0.10205641805087008,1.0,9.695359714832659
906000,189,2,0.010582010582010581,0.010582010582010581,0.10232317251753288,1.0,9.66953980290686
906500,188,0,0.0,0.0,0.0,0.0,0.0
907000,187,0,0.0,0.0,0.0,0.0,0.0
907500,186,1,0.005376344086021506,0.005376344086021506,0.07312618553083572,1.0,13.601470508735442
908000,185,0,0.0,0.0,0.0,0.0,0.0
908500,184,0,0.0,0.0,0.0,0.0,0.0
909000,183,0,0.0,0.0,0.0,0.0,0.0
909500,182,0,0.0,0.0,0.0,0.0,0.0
910000,181,1,0.0055248618784530384,0.0055248618784530384,0.07412380035910905,1.0,13.416407864998739
910500,180,0,0.0,0.0,0.0,0.0,0.0
911000,179,0,0.0,0.0,0.0,0.0,0.0
911500,178,1,0.0056179775280898875,0.0056179775280898875,0.07474232975084309,1.0,13.30413469565007
912000,177,3,0.01694915254237288,0.01694915254237288,0.12908090009938827,1.0,7.615773105863909
912500,176,1,0.005681818181818182,0.005681818181818182,0.07516338951888042,1.0,13.228756555322951
913000,175,2,0.011428571428571429,0.017142857142857144,0.16815930250928185,2.0,11.791540005630646
913500,174,2,0.011494252873563218,0.011494252873563218,0.1065933160401805,1.0,9.273618495495704
914000,173,2,0.011560693641618497,0.011560693641618497,0.1068973526526412,1.0,9.246621004453464
914500,172,0,0.0,0.0,0.0,0.0,0.0
915000,171,1,0.005847953216374269,0.005847953216374269,0.0762479813473994,1.0,13.0384048104053
915500,170,1,0.0058823529411764705,0.0058823529411764705,0.07647058823529412,1.0,13.0
916000,169,1,0.005917159763313609,0.005917159763313609,0.07669515619417586,1.0,12.96148139681572
916500,168,0,0.0,0.0,0.0,0.0,0.0
917000,167,0,0.0,0.0,0.0,0.0,0.0
917500,166,0,0.0,0.0,0.0,0.0,0.0
918000,165,0,0.0,0.0,0.0,0.0,0.0
918500,164,1,0.006097560975609756,0.006097560975609756,0.07784844716343722,1.0,12.767145334803704
919000,163,0,0.0,0.0,0.0,0.0,0.0
919500,162,2,0.012345679012345678,0.012345679012345678,0.11042310999998961,1.0,8.94427190999916
920000,161,0,0.0,0.0,0.0,0.0,0.0
920500,160,0,0.0,0.0,0.0,0.0,0.0
921000,159,0,0.0,0.0,0.0,0.0,0.0
921500,158,0,0.0,0.0,0.0,0.0,0.0
922000,157,2,0.012738853503184714,0.012738853503184714,0.11214533032903828,1.0,8.803408430829505
922500,156,0,0.0,0.0,0.0,0.0,0.0
923000,155,1,0.0064516129032258064,0.0064516129032258064,0.08006241061929585,1.0,12.409673645990855
923500,154,0,0.0,0.0,0.0,0.0,0.0
924000,153,1,0.006535947712418301,0.006535947712418301,0.08058057520220885,1.0,12.328828005937952
924500,152,0,0.0,0.0,0.0,0.0,0.0
925000,151,0,0.0,0.0,0.0,0.0,0.0
925500,150,0,0.0,0.0,0.0,0.0,0.0
926000,149,0,0.0,0.0,0.0,0.0,0.0
926500,148,0,0.0,0.0,0.0,0.0,0.0
927000,147,1,0.006802721088435374,0.006802721088435374,0.08219759165710593,1.0,12.083045973594572
927500,146,0,0.0,0.0,0.0,0.0,0.0
928000,145,0,0.0,0.0,0.0,0.0,0.0
928500,144,0,0.0,0.0,0.0,0.0,0.0
929000,143,0,0.0,0.0,0.0,0.0,0.0
929500,142,0,0.0,0.0,0.0,0.0,0.0
930000,141,0,0.0,0.0,0.0,0.0,0.0
930500,140,0,0.0,0.0,0.0,0.0,0.0
931000,139,0,0.0,0.0,0.0,0.0,0.0
931500,138,0,0.0,0.0,0.0,0.0,0.0
932000,137,0,0.0,0.0,0.0,0.0,0.0
932500,136,0,0.0,0.0,0.0,0.0,0.0
933000,135,2,0.014814814814814815,0.014814814814814815,0.12081115874296364,1.0,8.154753215150045
933500,134,1,0.007462686567164179,0.007462686567164179,0.08606389996022983,1.0,11.532562594670795
934000,133,0,0.0,0.0,0.0,0.0,0.0
934500,132,0,0.0,0.0,0.0,0.0,0.0
935000,131,0,0.0,0.0,0.0,0.0,0.0
935500,130,0,0.0,0.0,0.0,0.0,0.0
936000,129,0,0.0,0.0,0.0,0.0,0.0
936500,128,1,0.0078125,0.0078125,0.08804240366863003,1.0,11.269427669584646
937000,127,0,0.0,0.0,0.0,0.0,0.0
937500,126,0,0.0,0.0,0.0,0.0,0.0
938000,125,0,0.0,0.0,0.0,0.0,0.0
938500,124,1,0.008064516129032258,0.008064516129032258,0.08943981053555981,1.0,11.090536506409418
939000,123,1,0.008130081300813009,0.008130081300813009,0.0897996830665631,1.0,11.045361017187261
939500,122,1,0.00819672131147541,0.00819672131147541,0.09016393442622951,1.0,11.0
940000,121,0,0.0,0.0,0.0,0.0,0.0
940500,120,0,0.0,0.0,0.0,0.0,0.0
941000,119,0,0.0,0.0,0.0,0.0,0.0
941500,118,0,0.0,0.0,0.0,0.0,0.0
942000,117,0,0.0,0.0,0.0,0.0,0.0
942500,116,0,0.0,0.0,0.0,0.0,0.0
943000,115,0,0.0,0.0,0.0,0.0,0.0
943500,114,1,0.008771929824561403,0.008771929824561403,0.09324689309416359,1.0,10.63014581273465
944000,113,0,0.0,0.0,0.0,0.0,0.0
944500,112,1,0.008928571428571428,0.008928571428571428,0.09406833707904232,1.0,10.535653752852738
945000,111,0,0.0,0.0,0.0,0.0,0.0
945500,110,0,0.0,0.0,0.0,0.0,0.0
946000,109,0,0.0,0.0,0.0,0.0,0.0
946500,108,0,0.0,0.0,0.0,0.0,0.0
947000,107,0,0.0,0.0,0.0,0.0,0.0
947500,106,0,0.0,0.0,0.0,0.0,0.0
948000,105,1,0.009523809523809525,0.009523809523809525,0.09712418121129114,1.0,10.198039027185569
948500,104,0,0.0,0.0,0.0,0.0,0.0
949000,103,1,0.009708737864077669,0.009708737864077669,0.09805344600351532,1.0,10.09950493836208
949500,102,1,0.00980392156862745,0.00980392156862745,0.0985281923639303,1.0,10.04987562112089
950000,101,0,0.0,0.0,0.0,0.0,0.0
950500,100,0,0.0,0.0,0.0,0.0,0.0
951000,99,0,0.0,0.0,0.0,0.0,0.0
951500,98,1,0.01020408163265306,0.01020408163265306,0.10049854899791943,1.0,9.848857801796104
952000,97,0,0.0,0.0,0.0,0.0,0.0
952500,96,0,0.0,0.0,0.0,0.0,0.0
953000,95,0,0.0,0.0,0.0,0.0,0.0
953500,94,1,0.010638297872340425,0.010638297872340425,0.10259202937226548,1.0,9.643650760992955
954000,93,0,0.0,0.0,0.0,0.0,0.0
954500,92,0,0.0,0.0,0.0,0.0,0.0
955000,91,0,0.0,0.0,0.0,0.0,0.0
955500,90,0,0.0,0.0,0.0,0.0,0.0
956000,89,0,0.0,0.0,0.0,0.0,0.0
956500,88,0,0.0,0.0,0.0,0.0,0.0
957000,87,1,0.011494252873563218,0.011494252873563218,0.1065933160401805,1.0,9.273618495495704
957500,86,0,0.0,0.0,0.0,0.0,0.0
958000,85,1,0.011764705882352941,0.011764705882352941,0.10782531046954917,1.0,9.165151389911681
958500,84,0,0.0,0.0,0.0,0.0,0.0
959000,83,0,0.0,0.0,0.0,0.0,0.0
959500,82,1,0.012195121951219513,0.012195121951219513,0.10975609756097561,1.0,9.0
960000,81,1,0.012345679012345678,0.012345679012345678,0.11042310999998961,1.0,8.94427190999916
960500,80,0,0.0,0.0,0.0,0.0,0.0
961000,79,1,0.012658227848101266,0.012658227848101266,0.1117944413459221,1.0,8.831760866327848
961500,78,1,0.01282051282051282,0.01282051282051282,0.11249954342810413,1.0,8.774964387392123
962000,77,1,0.012987012987012988,0.012987012987012988,0.11321815437767983,1.0,8.717797887081346
962500,76,0,0.0,0.0,0.0,0.0,0.0
963000,75,0,0.0,0.0,0.0,0.0,0.0
963500,74,0,0.0,0.0,0.0,0.0,0.0
964000,73,0,0.0,0.0,0.0,0.0,0.0
964500,72,0,0.0,0.0,0.0,0.0,0.0
965000,71,0,0.0,0.0,0.0,0.0,0.0
965500,70,1,0.014285714285714285,0.014285714285714285,0.11866605518454393,1.0,8.306623862918075
966000,69,0,0.0,0.0,0.0,0.0,0.0
966500,68,0,0.0,0.0,0.0,0.0,0.0
967000,67,0,0.0,0.0,0.0,0.0,0.0
967500,66,0,0.0,0.0,0.0,0.0,0.0
968000,65,1,0.015384615384615385,0.03076923076923077,0.24615384615384617,2.0,8.0
968500,64,0,0.0,0.0,0.0,0.0,0.0
969000,63,0,0.0,0.0,0.0,0.0,0.0
969500,62,0,0.0,0.0,0.0,0.0,0.0
970000,61,0,0.0,0.0,0.0,0.0,0.0
970500,60,0,0.0,0.0,0.0,0.0,0.0
971000,59,0,0.0,0.0,0.0,0.0,0.0
971500,58,0,0.0,0.0,0.0,0.0,0.0
972000,57,0,0.0,0.0,0.0,0.0,0.0
972500,56,0,0.0,0.0,0.0,0.0,0.0
973000,55,1,0.01818181818181818,0.01818181818181818,0.133608531424537,1.0,7.348469228349534
973500,54,0,0.0,0.0,0.0,0.0,0.0
974000,53,0,0.0,0.0,0.0,0.0,0.0
974500,52,0,0.0,0.0,0.0,0.0,0.0
975000,51,1,0.0196078431372549,0.0196078431372549,0.1386483884679505,1.0,7.071067811865475
975500,50,0,0.0,0.0,0.0,0.0,0.0
976000,49,0,0.0,0.0,0.0,0.0,0.0
976500,48,1,0.020833333333333332,0.020833333333333332,0.1428261375083551,1.0,6.855654600401043
977000,47,1,0.02127659574468085,0.02127659574468085,0.14430489325798443,1.0,6.782329983125268
977500,46,0,0.0,0.0,0.0,0.0,0.0
978000,45,0,0.0,0.0,0.0,0.0,0.0
978500,44,0,0.0,0.0,0.0,0.0,0.0
979000,43,0,0.0,0.0,0.0,0.0,0.0
979500,42,0,0.0,0.0,0.0,0.0,0.0
980000,41,0,0.0,0.0,0.0,0.0,0.0
980500,40,0,0.0,0.0,0.0,0.0,0.0
981000,39,0,0.0,0.0,0.0,0.0,0.0
981500,38,1,0.02631578947368421,0.02631578947368421,0.16007269816574263,1.0,6.082762530298219
982000,37,1,0.02702702702702703,0.02702702702702703,0.16216216216216217,1.0,6.0
982500,36,0,0.0,0.0,0.0,0.0,0.0
983000,35,0,0.0,0.0,0.0,0.0,0.0
983500,34,0,0.0,0.0,0.0,0.0,0.0
984000,33,1,0.030303030303030304,0.030303030303030304,0.17141982574219333,1.0,5.656854249492381
984500,32,0,0.0,0.0,0.0,0.0,0.0
985000,31,0,0.0,0.0,0.0,0.0,0.0
985500,30,0,0.0,0.0,0.0,0.0,0.0
986000,29,0,0.0,0.0,0.0,0.0,0.0
986500,28,0,0.0,0.0,0.0,0.0,0.0
987000,27,0,0.0,0.0,0.0,0.0,0.0
987500,26,1,0.038461538461538464,0.038461538461538464,0.19230769230769232,1.0,5.0
988000,25,0,0.0,0.0,0.0,0.0,0.0
988500,24,0,0.0,0.0,0.0,0.0,0.0
989000,23,0,0.0,0.0,0.0,0.0,0.0
989500,22,0,0.0,0.0,0.0,0.0,0.0
990000,21,0,0.0,0.0,0.0,0.0,0.0
990500,20,0,0.0,0.0,0.0,0.0,0.0
991000,19,0,0.0,0.0,0.0,0.0,0.0
991500,18,0,0.0,0.0,0.0,0.0,0.0
992000,17,0,0.0,0.0,0.0,0.0,0.0
992500,16,0,0.0,0.0,0.0,0.0,0.0
993000,15,0,0.0,0.0,0.0,0.0,0.0
993500,14,0,0.0,0.0,0.0,0.0,0.0
994000,13,0,0.0,0.0,0.0,0.0,0.0
994500,12,0,0.0,0.0,0.0,0.0,0.0
995000,11,0,0.0,0.0,0.0,0.0,0.0
995500,10,0,0.0,0.0,0.0,0.0,0.0
996000,9,0,0.0,0.0,0.0,0.0,0.0
996500,8,0,0.0,0.0,0.0,0.0,0.0
997000,7,0,0.0,0.0,0.0,0.0,0.0
997500,6,0,0.0,0.0,0.0,0.0,0.0
998000,5,0,0.0,0.0,0.0,0.0,0.0
998500,4,0,0.0,0.0,0.0,0.0,0.0
999000,3,0,0.0,0.0,0.0,0.0,0.0
999500,2,0,0.0,0.0,0.0,0.0,0.0
1000000,1,0,0.0,0.0,0.0,0.0,0.0
